word,count
좋다,434
바,303
커피,281
와인,276
카페,273
있다,262
곳,219
맛있다,206
공간,168
음식,163
청담,153
더,144
것,138
디저트,126
맛,124
날,117
파스타,111
성수,110
분위기,106
연남동,104
집,103
스시,100
신사,100
다이닝,93
점,91
메뉴,90
한남동,90
제주,88
괜찮다,83
내추럴,83
런치,83
한남,81
한식,77
때,77
티,76
수,75
이탈리안,75
구이,75
디너,74
없다,74
요리,73
같다,73
프렌치,70
합정,69
브런치,68
칵테일,67
식당,66
치즈,65
코스,65
도쿄,64
많다,64
이자카야,63
케이크,63
아니다,62
가격,62
세,61
을지로,58
스타일,56
만두,56
사람,56
버거,54
촌,54
마카,53
좋아하다,53
홍대,53
공원,52
피자,52
내,52
중식,51
셰프,51
호텔,50
이태원,50
라멘,50
마음,50
무난,49
망원,49
압구정,49
전,48
비스트,48
편,48
차,47
안,47
거,47
샌드위치,46
스테이크,46
나,46
스,46
베이커리,45
오픈,45
연희동,45
트,45
위스키,44
정말,44
튀김,43
도산,43
번,43
샐러드,43
테이블,42
듯,42
조금,41
훌륭하다,41
서울,41
식사,40
생각,40
정도,39
재밌다,39
소금,39
마을,39
수제,39
밥,39
아주,39
끼,38
비,38
맥주,38
조용하다,38
화이트,38
해방촌,37
진짜,37
소바,37
새우,37
작다,37
그냥,37
술,37
리,37
일식,36
코,36
논현,36
치킨,36
이,36
안주,36
추천,35
닭,35
예쁘다,35
하나,35
만,35
또,35
크림,35
모두,35
다시,35
앤,34
간,34
새롭다,34
저녁,34
볼,34
레스토랑,34
브랜드,34
주점,33
버터,33
밉다,33
옥,33
층,33
여의도,33
뷰,32
인,32
캐,32
주얼,32
하우스,32
가능,32
테리,32
갈비,31
여기,31
다음,31
삼성,31
제,31
처,31
느낌,30
탑,30
건,30
서비스,30
사장,30
사진,29
젤라또,29
한우,29
우동,28
중,28
토마토,28
그렇다,28
루프,27
모던,27
판매,27
예약,27
인테리어,27
데,27
파,27
좀,26
밤,26
정식,26
가지,26
카,26
개,26
크래프트,26
도,26
그,26
훌륭,26
무척,26
파리,26
플레이,26
넓다,26
해산물,26
저,26
알,26
돼지,26
라떼,25
엄마,25
드,25
삼겹살,25
가게,25
분,25
진,25
강남,25
편이,25
명,25
부산,25
태국,25
비어,25
아이스크림,25
방콕,24
카츠,24
일본,24
상수,24
빵,24
별로,24
감,24
조합,24
점심,24
삼각지,24
겸,24
후,24
냉면,23
친구,23
향,23
돈까스,23
약간,23
포,23
여름,23
자리,23
마,23
두,23
편집,23
레몬,23
홍콩,22
제일,22
본점,22
마늘,22
재료,22
로,22
류,22
학동,22
솥밥,22
자주,22
적당하다,22
다른,22
키친,22
토,22
퓨전,22
줄,22
스타,21
게,21
광화문,21
사케,21
르,21
오리,21
프리,21
공덕,21
독일,21
베이스,21
살,21
등,21
갤러리,21
산,21
물,21
한국,21
고기,21
카레,20
후추,20
수준,20
가면,20
작업,20
먹기,20
로스,20
잔,20
돈카츠,20
깔끔하다,20
탕,19
귀엽다,19
밀크,19
가정식,19
호점,19
레,19
혼자,18
서초,18
개인,18
누,18
다양하다,18
뉴욕,18
매우,18
함,18
테라스,18
리스트,18
전통주,18
곱창,18
레시피,18
노,18
펍,18
가로수길,18
돼지고기,18
신촌,18
편하다,17
바텐더,17
런던,17
페어,17
양식,17
콜키,17
키,17
주문,17
회,17
토스트,17
로우,17
오스,17
방,17
피,17
길,17
스콘,17
리조또,17
쪽,17
시,17
초콜릿,17
룸,17
소스,17
샤퀴,17
기분,17
단,16
라운지,16
스페인,16
션,16
사시미,16
바다,16
생선,16
여자,16
연남,16
연어,16
그릴,16
타이,16
심야식당,16
초밥,16
히죽,16
덥다,16
음료,16
디,16
업,16
명동,16
종류,16
위,16
스페셜,16
음악,16
이렇다,16
보고,16
아보카도,16
스토어,16
우리,16
고기구이,15
일,15
푸드,15
바로,15
스프,15
팬케이크,15
세트,15
가장,15
기본,15
바질,15
베,15
링,15
육회,15
바이,15
용산,15
나쁘다,15
메,15
마카롱,15
하루,15
달,15
방배,15
술집,15
원두,14
계열,14
여러,14
프레,14
평양,14
정,14
아이,14
말,14
단일,14
뭐,14
꼬치,14
옷,14
교토,14
양,14
기,14
전문,14
팅,14
기억,14
리아,14
말차,14
뇨끼,14
타르트,14
볶음밥,14
지금,14
아쉽다,14
입구,14
약제,14
시간,14
타르,14
매장,14
숙성,14
몇,14
터,14
하이,14
때문,14
널찍하다,14
포차,14
야키토리,14
여행,13
해장국,13
용,13
전통,13
구,13
녹,13
드립,13
마포,13
좌석,13
이자,13
식,13
미국,13
클래스,13
핸드,13
퀴진,13
김밥,13
이야기,13
에스프레소,13
보,13
빙수,13
처음,13
아빠,13
전시,13
국수,13
웨이,13
종로,13
숙소,13
역삼,13
횟집,13
의자,13
어떻다,13
삼청동,12
파운드,12
낮,12
인도,12
못,12
관,12
가기,12
사평,12
혜화,12
높다,12
베트남,12
경주,12
오뎅,12
카이센동,12
간장,12
베이컨,12
이태리,12
소품,12
왜,12
둘,12
타코,12
방문,12
트러플,12
올리브유,12
굿,12
사실,12
운,12
예상,12
신용산,12
인스타,12
수육,12
브,12
금호,11
쇼룸,11
경리,11
오렌지,11
곰탕,11
사용,11
볶음,11
감자,11
이름,11
레이,11
가족,11
터스,11
이번,11
널,11
좁다,11
프라이,11
문어,11
카이,11
프로,11
계란,11
야외,11
가도,11
베리,11
에어,11
약수,11
티라미수,11
생,11
로마,11
꼭,11
낮다,11
테,11
콩,11
올리브오일,11
쌀국수,11
움,11
스테이,11
그릇,11
남영,11
무,11
레이스,11
양파,11
후암동,11
앞,11
남산,11
블랙,11
젤,11
슬로우,11
선물,11
양재,11
교자,10
순대,10
프랑스,10
테이,10
딸기,10
굴,10
긴자,10
타파스,10
톤,10
치즈케이크,10
젠,10
밀,10
오복,10
구경,10
손,10
샴페인,10
플랫,10
수산,10
주,10
빈티,10
레드,10
재,10
락,10
서울특별시,10
숍,10
클래식,10
위치,10
최근,10
오징어,10
이제,10
구성,10
냉동,10
이쁘다,10
막국수,10
시원하다,10
면,10
카카오,10
프로젝트,10
공부,10
빗,10
텐동,10
브리,10
파티세리,10
꿀,10
너,10
접시,10
도곡,10
오늘,10
품,10
팬,10
김,10
반,10
양양,10
쿠,10
토리,10
클럽,10
시즌,10
과자,10
마시기,10
속초,10
온,10
원래,9
퀸,9
선택,9
이다,9
살짝,9
언니,9
스페이스,9
당근,9
동네,9
국,9
푸딩,9
설렁탕,9
베이,9
웨이팅,9
엘,9
마리,9
주시,9
샵,9
양고기,9
미니,9
해,9
지하,9
호주,9
스푼,9
덕,9
시작,9
돈,9
복숭아,9
계속,9
조림,9
라인업,9
호,9
아트,9
이촌,9
자체,9
타래,9
프라이어,9
오일,9
설탕,9
맛집,9
음식점,9
중간,9
찌,9
개성,9
인상,9
기대하다,9
스튜디오,9
찜,9
초,9
요즘,9
싱가폴,9
미술관,9
이드,9
이후,8
올리브,8
봉골레,8
음,8
우드,8
프리미엄,8
장어,8
컨템포러리,8
강하다,8
심,8
여전하다,8
밀라노,8
및,8
바닐라,8
치,8
투,8
취향,8
플래터,8
다만,8
동부,8
가야,8
날씨,8
소,8
오,8
기대,8
첫,8
딤섬,8
정신,8
청,8
배,8
식초,8
미아,8
선,8
전문점,8
마제,8
타입,8
홍차,8
매일,8
참치,8
머리,8
친절하다,8
특별하다,8
맥,8
근처,8
테일러,8
호프,8
상,8
북,8
브라,8
소고기,8
추가,8
통,8
영화,8
준,8
마켓,8
유명하다,8
시리즈,8
파크,8
국밥,8
고등어,8
아스파라거스,8
버섯,8
스키야키,8
병,8
명란,8
월,8
기름,8
모임,8
파이,8
보틀,8
이치,8
근래,8
희다,8
아키,8
불,8
뒤,8
안국,8
몰트,8
시험,8
스타벅스,8
효창,8
매력,8
센터,8
일반,8
안심,8
한번,8
로컬,8
즐겁다,8
로드,8
바나나,8
충정로,8
일단,8
제철,8
부위,8
홈,8
팔고,8
조명,7
건물,7
깊다,7
이노,7
꽃,7
메밀,7
한강,7
플래그,7
나무,7
남양주,7
고추,7
만난,7
타이거,7
야채,7
플라워,7
거리,7
요거트,7
예전,7
중국,7
오믈렛,7
띠,7
독특하다,7
북촌,7
오후,7
키노,7
숯불,7
신당,7
준수,7
서귀포,7
실내,7
디자인,7
무화과,7
우유,7
경험,7
종종,7
가끔,7
블루,7
이촌동,7
나머지,7
파티,7
대구,7
인간,7
거의,7
광주,7
두부,7
가방,7
목살,7
에디,7
지역,7
목,7
성북동,7
도시락,7
칼국수,7
신발,7
롯데,7
불고기,7
상암,7
금,7
스튜,7
막,7
스톤,7
비싸다,7
글라스,7
추억,7
패션,7
초코,7
간단하다,7
원점,7
봄,7
떼,7
에이,7
생면,7
가라아게,7
실력,7
카라,7
옥수,7
위주,7
강릉,7
인사,7
채광,7
어,7
이전,7
밥상,7
제로,7
어회,7
어디,7
녹차,7
준비,7
군,7
가구,7
폴,7
버,7
라이,7
오븐,7
사누끼,7
케어,7
창가,7
생일,7
현지,7
남,7
브루,7
어렵다,7
채끝,7
바틀,7
멕시칸,7
따뜻하다,7
페스,7
유,7
우육,7
예정,6
바게트,6
카드,6
회관,6
그린,6
그라스,6
티브,6
라이스,6
용산구,6
메인,6
원,6
상태,6
메밀국수,6
몸,6
스킨,6
츠,6
다방,6
돈코츠,6
특색,6
냉,6
팀,6
식탁,6
브루잉,6
무스,6
채,6
슈퍼,6
아우,6
영등포,6
일리,6
메리어트,6
소세지,6
컨,6
정돈,6
알차다,6
임,6
스파,6
화덕,6
쎄다,6
난,6
바오,6
뷔페,6
포인트,6
측면,6
메종,6
샌프란,6
젤라,6
푸르다,6
리지,6
라운드,6
스몰,6
규,6
차돌,6
전복,6
분식,6
상회,6
매틱,6
종이,6
하늘,6
코키,6
컵,6
하몽,6
찌개,6
색다르다,6
대파,6
컨셉,6
화상,6
연유,6
가볍다,6
테마,6
식빵,6
오래되다,6
쉬,6
망원동,6
정원,6
보석,6
대국,6
인기,6
라이브,6
선릉,6
쇼콜라,6
주말,6
갑자기,6
까늘레,6
서대문,6
비롯,6
어니언,6
골목,6
뮤,6
관자,6
플랜트,6
조개,6
불편하다,6
마르다,6
인스타그램,6
브레드,6
칼,6
즙,6
린,6
바이브,6
구매,6
버블,6
김치,6
양갱,6
헬,6
멀티,6
항정살,6
위트,6
비프,6
이탈리아,6
퀄리티,6
그대로,6
프,6
유리,6
아티,6
아깝다,6
대비,6
작고,6
샌드,6
살롱,6
실하다,6
도미,6
이상,6
역시,6
드라이,6
포트,6
시럽,6
부암동,6
옥수수,6
아메리칸,6
시장,6
갈치,6
오사카,6
낮술,6
시가,6
디쉬,6
해석,6
사이,6
감성,6
노래,6
노트북,6
라면,6
정보,6
저렴하다,6
쇼,6
손님,6
차갑다,6
빈,6
망,6
가리비,6
주류,6
참기름,6
바디,6
일이,5
걸,5
세컨,5
로이,5
에피타이저,5
외국인,5
서교,5
제공,5
서울대,5
홍합,5
이용,5
플로,5
소문,5
샤넬,5
새벽,5
브랜딩,5
카야,5
경복궁,5
아래,5
랩,5
머,5
입장,5
주변,5
스피커,5
바리스타,5
세상,5
쇼유라멘,5
타임,5
참고,5
체리,5
수업,5
듬,5
영국,5
섬세하다,5
장소,5
트위터,5
가든,5
자기,5
부,5
고구마,5
마지막,5
제니,5
감자탕,5
동대문,5
목동,5
멀다,5
비건,5
커리,5
쿠리다,5
충무로,5
마이,5
넘치다,5
양념,5
커먼,5
한정식,5
까르보나라,5
갈매기살,5
라우,5
르그,5
블루베리,5
허브,5
슈가,5
출신,5
스탠,5
골,5
대만,5
회사,5
통영,5
마티니,5
퍼퓸,5
맥심,5
학교,5
신경,5
마산,5
미미,5
옛날,5
리크,5
타,5
먹물,5
장난,5
모양,5
전주,5
비행기,5
족발,5
발란스,5
고민,5
리틀,5
최고,5
공식,5
뭔가,5
피에르,5
부드럽다,5
아이스,5
맵다,5
어스,5
서점,5
가루,5
폰,5
발,5
토마,5
코코넛,5
마키,5
끼리,5
마루,5
가능하다,5
나물,5
짬뽕,5
잠실,5
필드,5
사랑,5
식물,5
바스크,5
커버,5
떼레노,5
코코,5
민트,5
노스,5
양평,5
마구로,5
롤,5
스파게티,5
앤티크,5
수도,5
숲,5
무국,5
한잔,5
코지,5
오프,5
돼지국밥,5
성게,5
땐,5
눈,5
오빠,5
별,5
교대,5
패티,5
스케,5
가평,5
비빔밥,5
박스,5
티드,5
가슴,5
진미,5
인생,5
연희,5
지스,5
샤워,5
존,5
체,5
미엔,5
샤,5
재즈,5
사이즈,5
전반,5
백숙,5
얘기,5
바베큐,5
계시다,5
디트로이트,5
간다,5
등심,5
반점,5
돈가스,5
동생,5
시청,5
에너지,5
코르,5
육개장,5
미소,5
콜드,5
미리,5
파주,5
대치,5
향수,5
타마,5
얼굴,5
할머니,5
모어,5
이서,5
숙희,5
들기름,5
국립,5
은,5
입,5
후식,5
아이패드,5
토리아,5
차이,5
블,5
페니,5
설,5
일산,5
만들기,5
화,5
실비,5
보쌈,5
단골,5
봉,5
노른자,5
평일,5
라이트,5
인천,5
카르,5
비율,5
투썸플레이스,5
대서,5
아이템,5
버스,5
지점,5
미러,5
껍질,5
고로케,5
제작,5
잠깐,5
대표,5
이태,5
알라,5
대해,5
송파,5
계란말이,5
휴무,5
닭갈비,5
솔트,5
이태원로,5
외로,5
차지,5
냄새,5
차이나,5
가죽,5
카메라,5
알렉스,5
중심,5
와플,5
창,5
라임,5
보기,5
홍,5
코타,5
피스,5
울,5
효,5
사,5
과일,5
아프다,5
직원,4
컴퍼니,4
에스,4
소르베,4
겹살,4
나니,4
광어,4
노노,4
징기스칸,4
챔프,4
복합,4
문,4
워,4
소갈비,4
누룽지,4
샹테,4
디테일,4
브룩클린,4
안경,4
롯,4
파라다이스,4
레인,4
최적,4
운전,4
디테,4
폼,4
가스트,4
건강,4
크리스,4
얼그레이,4
미트,4
클리,4
아웃,4
보리,4
피크,4
리프,4
멘트,4
바르셀로나,4
아날로그,4
애피타이저,4
소주,4
설빙,4
아메리카노,4
여러가지,4
상차림,4
포천,4
핫,4
앙트레,4
부부,4
양도,4
뚜껑,4
자몽,4
이대,4
스웨덴,4
편의점,4
트리,4
소리,4
롸카두들,4
모든,4
피클,4
핑크,4
모짜렐라,4
리츠,4
닉,4
큐,4
애,4
선데이,4
일찍,4
수원,4
시오,4
궁금,4
바타,4
이모,4
무엇,4
마치,4
이탄,4
쭈꾸미,4
복,4
고양,4
계절,4
작품,4
느끼하다,4
책,4
포장,4
쇼핑,4
미카,4
석도,4
코엑스,4
오브,4
포시즌스,4
핏제리,4
별도,4
라자냐,4
차이니스,4
스탠드,4
안쪽,4
고수,4
블러,4
렌즈,4
교양,4
민어,4
연,4
쿠키,4
느리다,4
보트,4
셀렉,4
덴마크,4
찬,4
거나,4
맛없다,4
면옥,4
세이지,4
앤코,4
대한,4
마르지,4
아포가토,4
서브,4
며칠,4
크로와상,4
훠궈,4
여주,4
지엄,4
나이키,4
돌,4
주스,4
탕수육,4
그리스,4
데이,4
오라,4
이크,4
구석,4
로만,4
이스터,4
찻집,4
라미,4
오리진,4
테이크아웃,4
당,4
사고,4
월드,4
노야,4
소음,4
성수동,4
필수,4
엘라,4
이즈,4
메이커,4
고등학교,4
막걸리,4
로베,4
지워니,4
스패니쉬,4
이브,4
코로나,4
신당동,4
배부르다,4
릴리,4
집밥,4
고양이,4
애프터,4
크레프,4
주먹밥,4
메이킹,4
철,4
리안,4
후라이팬,4
집중,4
럼,4
혼술,4
스무디,4
벙커,4
상점,4
진하다,4
고급,4
고소하다,4
심플,4
니,4
해장,4
곡,4
도시,4
매운탕,4
라인,4
깨,4
티스푼,4
홍제,4
수플레,4
원하다,4
찜닭,4
변경,4
콜라보,4
리빙,4
화이트와인,4
법,4
랍스터,4
레포트,4
스팅,4
각,4
피스타치오,4
내한,4
프렌치토스트,4
우럭,4
쿠촐,4
도서관,4
부타동,4
된장,4
모시,4
충분하다,4
강,4
천둥,4
방어,4
쉐프,4
논,4
정육점,4
팝업,4
정성,4
오프닝,4
브라운,4
리오,4
적,4
베이비,4
티셔츠,4
남친,4
아침,4
뿐,4
천장,4
오향,4
바지락,4
콩나물,4
맞춤,4
속옷,4
학원,4
재인,4
공연,4
스마,4
샬롯,4
벚꽃,4
덴뿌라,4
종,4
보이,4
야스,4
와일드,4
미타,4
핀,4
모토,4
석촌,4
안되다,4
키마,4
서울역,4
춘천,4
유럽,4
백화점,4
맘,4
스키,4
필요,4
감각,4
박,4
아디다스,4
길가,4
꽤,4
사바,4
외,4
글,4
얼,4
포레스트,4
스트레스,4
화요일,4
퍼,4
대학로,4
북한,4
채소,4
고깃집,4
마크,4
팩,4
랑빠스,4
가츠샌드,4
버번,4
적합,4
풀,4
교환학생,4
케,4
마파두부,4
우디,4
시샤,4
취소,4
스틸,4
겨우,4
사이트,4
소울,4
소파,4
립,4
다소,4
베이글,4
스미스,4
뚝섬,4
구조,4
카바,4
대창,4
가이세키,4
컨템,4
지중해,4
옆,4
마피아,4
교,4
절대,4
부터,4
잘생기다,4
작,4
간이,3
계란찜,3
행복하다,3
친,3
샴푸,3
판교,3
멋지다,3
욕실,3
굴소스,3
세비,3
재미있다,3
페이보릿,3
돼지갈비,3
진주,3
반포,3
고등,3
오프라인,3
한창,3
아르,3
토치,3
달라,3
루틴,3
특수,3
렁팡스,3
육전,3
숙박,3
비니,3
적절하다,3
크레이프,3
민박,3
워시,3
여,3
명당,3
매니저,3
도자기,3
간장게장,3
코리아,3
경이,3
호수,3
스윗,3
침대,3
졸업,3
브루어,3
아란치니,3
민물장어,3
발견,3
장위동,3
편안하다,3
냄비,3
완두콩,3
일미,3
유러,3
뜨겁다,3
충전,3
성공하다,3
겨울,3
테라,3
환기,3
토라,3
보시,3
레종데트르,3
스포크,3
대로,3
주사,3
직영,3
아담,3
계단,3
제이,3
재미,3
청소기,3
장,3
모듬,3
일옥,3
모먼트,3
꽃게,3
컷,3
달콤하다,3
부분,3
코너,3
아라타,3
간간,3
망고,3
두번째,3
아부,3
올드,3
동남아,3
사당,3
몽고,3
평범하다,3
결혼,3
포토,3
센스,3
지갑,3
더티,3
뱅,3
파스,3
생크림,3
공유,3
보임,3
선술집,3
기도,3
베르트,3
고집,3
카나,3
퀜치,3
가오리,3
소소하다,3
식감,3
미식,3
지방,3
무사하다,3
스테끼,3
모리아,3
속도,3
무시,3
부족하다,3
에고,3
모찌,3
킹,3
틴,3
송,3
다시마,3
기준,3
광,3
합,3
청음,3
기회,3
작업실,3
겨자,3
커플,3
남자,3
르챔버,3
시내,3
익숙하다,3
델리,3
로데오,3
뜰리,3
티룸,3
과,3
평균,3
창작,3
야하다,3
부라타,3
상품,3
제거,3
적합하다,3
루이스,3
믹스,3
브로,3
동점,3
코티지,3
욱,3
산책,3
훈,3
고춧가루,3
고도,3
노잼,3
베케,3
육수,3
운영,3
크로스,3
리옹,3
가깝다,3
계고,3
소셜,3
테이크,3
프롬,3
톨로,3
프라임,3
켄,3
컴,3
휘,3
코스모,3
오아시스,3
응대,3
여유,3
호스,3
대망,3
퍼스,3
다르다,3
파스토,3
신규,3
프로슈토,3
피넛,3
중이,3
라그,3
리브,3
왕,3
갈릭,3
밥집,3
뚝,3
그램,3
소프트,3
라보,3
호두,3
필터,3
빛,3
산다,3
산동,3
부시,3
위로,3
늘,3
주신,3
포스,3
캘리,3
제대로,3
사이드카,3
낙지,3
자꾸,3
결제,3
상해,3
시아,3
기간,3
루,3
디즈니,3
이집트,3
주인,3
하동,3
소재,3
오기,3
돈부리,3
사이드,3
써머,3
부토,3
후토,3
첸트,3
롱,3
캐나다,3
오디너리,3
포케,3
가스,3
보지,3
봉천,3
깡통,3
런가,3
쁘,3
도리,3
이틀,3
스왈로우,3
쿄,3
란,3
누가,3
자연,3
조선,3
식혜,3
떡볶이,3
머신,3
엘피,3
딸,3
콘,3
귀,3
담,3
힙,3
신조,3
텍스쳐,3
파우더,3
웨딩,3
얇다,3
리스,3
메이드,3
통닭,3
쏭,3
탭,3
부스,3
모노,3
동안,3
우산,3
소라,3
딜,3
슈토,3
전체,3
방식,3
사막,3
세이,3
로프,3
워낙,3
스티,3
극장,3
클라우드,3
로지,3
김숙,3
에르,3
시로,3
가마,3
파인애플,3
씨,3
허니,3
오복만,3
미역국,3
난리,3
계,3
드럼,3
플레인,3
루나,3
기프티콘,3
부탁,3
펠트,3
빵집,3
머쉬룸,3
회식,3
야마,3
뚜렷하다,3
아몬드,3
와사비,3
디제잉,3
로브,3
이유,3
애월,3
벨,3
트웰브,3
하트,3
케이스,3
일요일,3
오토,3
외국,3
규모,3
병아리,3
빵빵,3
비엔나,3
피안,3
나이,3
트렌드,3
수비드,3
소룡포,3
사르,3
기숙사,3
쌀,3
채식,3
현대,3
앱,3
산미,3
팔라펠,3
지바,3
피망,3
오르조,3
세팅,3
테린느,3
면소,3
이사,3
림,3
덜하다,3
탈,3
칠리,3
드레스,3
신기,3
땅,3
몽,3
스톡,3
호박,3
마틴,3
자전거,3
거북이,3
제천,3
양배추,3
오니기리,3
목장,3
가맥집,3
장충동,3
미슐랭,3
야끼소바,3
빌라,3
미나미,3
풍경,3
컬러,3
가드,3
신기하다,3
나이스,3
해물,3
부엉이,3
이슈,3
전골,3
독일군,3
프랑,3
게이샤,3
닭발,3
선생님,3
옥돔,3
메리,3
털,3
배고프다,3
도넛,3
황소,3
험블,3
정교하다,3
츠케멘,3
식전,3
태,3
오레가노,3
얼른,3
지리,3
자매,3
의사,3
무슨,3
강남구,3
제외,3
주방,3
조리,3
뽈뽀,3
초콜렛,3
신나다,3
로스트,3
호호,3
프로마쥬,3
버쉬카,3
픽,3
마라샹궈,3
워커힐,3
가자미,3
과점,3
묵,3
브이,3
에코,3
브라우니,3
칸,3
미드나잇,3
햄,3
무지,3
쿠시,3
멍게,3
독립,3
루리,3
차차,3
바람,3
브렛,3
숫,3
기초,3
생맥주,3
폴리,3
쥬,3
하니,3
비빔면,3
목포,3
핵심,3
나스,3
꼬막,3
크기,3
플로리다,3
레이어,3
딱이다,3
그레이,3
투바,3
힘들다,3
만남,3
화장품,3
수프,3
비슷하다,3
밀양,3
거울,3
새,3
정육,3
공항,3
선정릉,3
제품,3
쿠킹,3
쿠도,3
슈즈,3
에리,3
자신,3
올드나이브스,3
스킬,3
형태,3
물회,3
역대,3
쫑,3
모,3
이기,3
중앙,3
애플,3
의,3
쿠캣,3
이미지,3
끝,3
맛차,3
레이더,3
책방,3
크랩,3
몽크,3
오디오,3
를,3
자양동,3
오션월드,3
차돌박이,3
서부,3
알리오,3
현실,3
대림,3
성산,3
포크,3
구름,3
로저,3
빈대떡,3
부담,3
반상,3
비빔국수,3
네덜란드,3
모델,3
네이버,3
크롸상,3
이안,3
노블레스,3
목걸이,3
플랫폼,3
슈또,3
그라탕,3
기록,3
자,3
내장,3
퍼티,3
지로,3
스톡홀름,3
파시,3
을지,3
아보,3
모닝,3
도어,3
라꾸,3
인사동,3
기절,3
만하,3
스와니예,3
부속,3
보통,3
티스,3
투어,3
루꼴,3
사카,3
콜,3
쿤,3
규동,3
낭시,3
젓,3
스트릿,3
장탕,3
야드,3
잡고,3
멋있다,3
더하다,3
완,3
데이트,3
시원시원하다,3
가을,3
적당,3
자트,3
나름,3
프릳츠,3
가성,3
데미,3
대부분,3
발레,3
정리,3
계동,3
김치찌개,3
신설,3
노력,3
스피크,3
약하다,3
농장,3
바스,3
아담하다,3
땀,3
싱글,3
묵은지,3
누구,3
뿌리,3
님,3
아지트,3
문화,3
답답하다,3
리조트,3
떡갈비,2
에센스,2
엑스트라,2
려,2
단상,2
노량진,2
삼각,2
감흥,2
피부,2
케밥,2
멘타,2
힐,2
갈수록,2
리드,2
바이트,2
카멜,2
영진,2
도대체,2
스티치,2
탄토,2
소나,2
리플,2
탁,2
엉덩이,2
퍼스트,2
특유,2
닭모듬,2
티니,2
배추,2
버진,2
평,2
부여,2
빠께리,2
감탄,2
선호,2
셰리,2
하얏트,2
낙성대,2
레터,2
주철,2
애호,2
은평구,2
라이브러리,2
표정,2
안암,2
플렉스,2
아마,2
글쓰기,2
절임,2
시금치,2
재패니즈,2
당황,2
세대,2
소머리국밥,2
네스트,2
태극,2
티바,2
하나비,2
위드,2
마블,2
그날,2
대가,2
카리,2
구로,2
캠핑,2
오이,2
차분하다,2
코페,2
이집,2
백년,2
응암,2
레코,2
스퀘어,2
방울,2
연기,2
튀르,2
토요일,2
라츠,2
직장인,2
미백,2
짧다,2
이징,2
취해,2
밸리,2
유진,2
그릭,2
강정,2
똥손,2
삼,2
치즈버거,2
반드시,2
된장찌개,2
스트로,2
생수,2
트렁크,2
브루클린,2
루트,2
북카페,2
크뤼,2
니혼슈,2
오리고기,2
옛적,2
중단,2
크리스마스,2
두운,2
지음,2
평이,2
엘레,2
냉삼,2
저희,2
틀,2
몽상,2
옥상,2
플레져,2
기반,2
런,2
섭,2
판매점,2
서서,2
지혜,2
코바,2
국적,2
수수,2
해남,2
자수,2
사우나,2
핸드폰,2
샥슈카,2
크리에이터,2
회현,2
엣지,2
에노,2
장진우,2
찻잔,2
백송,2
에어비앤비,2
자고,2
메시,2
아자부주반,2
치약,2
스티커,2
터키,2
섬,2
셋,2
달콤커피,2
착하다,2
라이언,2
레코드,2
이디야,2
팟타이,2
비비,2
브릭,2
직구,2
커스,2
직접,2
라무,2
시티,2
진리,2
태풍,2
고유,2
연두,2
부대찌개,2
감사,2
친근하다,2
세드,2
색감,2
여관,2
윤씨,2
모스꼬,2
강점,2
앤드,2
런빠뉴,2
산장,2
부츠,2
마요네즈,2
유레카,2
단점,2
쫄깃,2
청어,2
랏,2
반상회,2
젠틀,2
앤머치,2
목공,2
앤베,2
네,2
캐스,2
미라보,2
믹솔로,2
갈비살,2
버크셔,2
고향,2
펄프,2
부관,2
헤드,2
포스팅,2
알티,2
쿡,2
방치,2
어제,2
로그,2
샹그릴라,2
곰돌이,2
수색,2
비노,2
팩토리,2
남영동,2
콜리,2
김대,2
감칠맛,2
센트,2
시쿠,2
쇼쿠,2
로션,2
이레,2
물휴지,2
홀,2
신구,2
이솝,2
게스트,2
다리,2
화보,2
바비,2
후기,2
행,2
대화,2
리스닝,2
시칠리아,2
문래동,2
바깥,2
인과,2
테스트,2
영란,2
심지어,2
도우,2
자마자,2
심하다,2
주반,2
혼,2
포커스,2
만원,2
설악,2
검사,2
조지,2
마트,2
직화,2
떼띠,2
부들부들하다,2
오페,2
대성,2
정기,2
풋,2
주무,2
매트리스,2
마담,2
로제,2
폴앤,2
리퍼블릭,2
아우디,2
열정,2
역점,2
윤서,2
레어,2
메뉴인,2
디아블로,2
톡,2
고추장,2
떡,2
저크,2
앤더슨,2
아이디어,2
만족,2
가위,2
고대,2
일상,2
낫,2
이린,2
뛰어나다,2
삼창,2
병원,2
강대,2
비스크,2
배우,2
리버,2
야시장,2
해리스,2
냉장고,2
눈물,2
잠수교,2
완탕,2
시점,2
특,2
시골,2
다운,2
다,2
완전,2
김씨,2
능력,2
폴로,2
하나은행,2
엔나,2
밀방,2
피문어,2
이하,2
카페라떼,2
가바,2
당일,2
뻔,2
츄,2
차원,2
입맛,2
은화,2
한성대,2
분당,2
금고,2
내부,2
전혀,2
부채살,2
웬만하다,2
텐더바,2
유용,2
여수,2
좌,2
비밀,2
최소,2
필링,2
버전,2
국제,2
안나,2
흥,2
생맥,2
월요일,2
릿,2
뮤직,2
포터블,2
캐리,2
로트,2
리뉴얼,2
가쯔,2
마마,2
요란,2
점점,2
국내,2
곱다,2
렛,2
도제,2
도움,2
스벅,2
신선,2
니스,2
디어,2
하얗다,2
링크,2
요소,2
스탠딩,2
방학,2
반개,2
콥,2
해피아워,2
해주시,2
샹들리,2
건어물,2
밑동,2
또띠,2
이북,2
독채,2
개조,2
전환,2
호키포키,2
원데이,2
익스,2
콤비네이션,2
후프,2
노랗다,2
쉐이크,2
화려하다,2
낫또,2
포포,2
쿠션,2
공기청정기,2
껏,2
벨벳,2
잘못,2
어른,2
죽,2
신주쿠,2
자네,2
젊다,2
아러,2
랑꼬뉴,2
담백하다,2
비리다,2
데리,2
에브리,2
달이,2
타바,2
놈,2
헤,2
바삭,2
라시,2
찬사,2
서관,2
논픽션,2
일부,2
푸아그라,2
대전,2
붕대,2
최적화,2
기묘하다,2
상남,2
율,2
램버트,2
보광동,2
오즈,2
스토리,2
도너츠,2
쿱,2
투데이,2
부추,2
미스터,2
말투,2
파머,2
길이,2
영롱하다,2
멜론,2
아구찜,2
세스크멘슬,2
부침개,2
터리,2
받침,2
바싹,2
진도,2
피조개,2
요가,2
남해,2
레트,2
이부,2
약국,2
라로슈포제,2
용기,2
델레,2
사과,2
캔,2
연습,2
래번클로,2
물놀이,2
조인트,2
창살,2
인증,2
무슈,2
딩바,2
이비,2
타일,2
히든,2
쉘,2
디나,2
삿포로,2
무아,2
부탁드리다,2
이정,2
명월,2
오케이,2
세탁소,2
구례,2
코팅,2
포션,2
할인,2
오지,2
흔하다,2
료칸,2
오름,2
틸,2
밀크셰이크,2
가로,2
조화,2
앨리스,2
스크린,2
편의,2
일인,2
트러,2
덴,2
플러스,2
도토리,2
단아,2
보바,2
형묵,2
렉서스,2
찍기,2
츄리,2
미나,2
해피,2
피드,2
광명,2
미노,2
행운,2
부근,2
컴플렉스,2
편육,2
소관,2
세리,2
쉐,2
샘플,2
메쉬,2
명지대,2
김남길,2
베이커,2
스바루,2
스탠다드,2
차이니즈,2
인근,2
시가렛,2
연결,2
사라,2
활,2
라이프,2
초당,2
사브,2
산이,2
굴비,2
쾌적하다,2
또한,2
맷,2
쓰리다,2
로라,2
두껍다,2
슬,2
알디,2
빙봉,2
메이,2
앙티브,2
콩잎,2
뷰티,2
쌈밥,2
공차,2
합격,2
짜장,2
오베르,2
주석,2
바위,2
꼬,2
소시지,2
하남,2
온량,2
금요일,2
종파,2
대신,2
성리,2
왕십리,2
대저,2
뮤통,2
튀튀,2
애호가,2
아시아,2
체험,2
요,2
본래,2
레무스,2
금산,2
어부바,2
평화,2
컵케이크,2
레토,2
민세훈,2
프글렛,2
경향,2
오드,2
가까이,2
육류,2
코하쿠,2
달걀,2
혈,2
비타,2
월간,2
뚱,2
아시,2
몬스터,2
경계,2
초원,2
깊이,2
싱가포르,2
파르,2
곱탕,2
빙하,2
껍데기,2
성공,2
보우,2
안티,2
소식,2
일드,2
멸치,2
컬리,2
부랴부랴,2
켓,2
로터리,2
정재,2
뚜또,2
가량,2
닝,2
최강,2
세종,2
광양,2
히츠,2
재운,2
피맥,2
셀카,2
우회,2
분리,2
물고기,2
신대방,2
삼성동,2
언제,2
밀도,2
카구라,2
성북구,2
알폰소,2
추정,2
전기,2
콜리플라워,2
리기,2
양심,2
담택,2
멍,2
앤디,2
돝,2
하이파이,2
덴푸라,2
토마스,2
멘보샤,2
단체,2
소믈리에,2
코크,2
파르페,2
동경,2
이케아,2
급하다,2
티켓팅,2
뭘,2
윤실님,2
힙합,2
인터랙션,2
덕후,2
베를린,2
반지,2
대형,2
닭강정,2
채식식당,2
피크닉,2
아일랜드,2
강진,2
백,2
간식,2
올드패션드,2
집시,2
바니,2
애오개,2
펜션,2
살구,2
패션프루트,2
초반,2
승주,2
기와,2
엔초,2
라빈스,2
형제,2
부족,2
속,2
미완성,2
토종닭,2
다양,2
벽돌,2
청주,2
어머니,2
대관,2
에피,2
소풍,2
전용,2
재생,2
인사이트,2
달리,2
푸른,2
테오,2
캐릭터,2
보습,2
솔,2
쿠시아,2
이승현,2
식욕,2
참깨,2
프라,2
웨스턴,2
시메,2
고옥,2
생물,2
컨벤셔널,2
그것,2
블루투스,2
고세,2
넣기,2
보편,2
부농,2
달랏,2
경우,2
단위,2
껠끄쇼즈,2
최현석,2
세르,2
기계,2
무교,2
진담,2
보드,2
모수,2
부자,2
오레,2
러쉬,2
컨텐츠,2
와이즈,2
우려,2
카라멜,2
즈란,2
미뇽,2
닛,2
올해,2
주막,2
마차,2
어나더,2
양미,2
사운드,2
자작하다,2
아이엠,2
검,2
이스,2
포기,2
네온,2
넬,2
궁금하다,2
상가,2
또렷하다,2
백합,2
패,2
발사믹,2
노을,2
송도,2
장식,2
자두,2
치토스,2
친친,2
카르파치오,2
원더,2
노천,2
안동,2
순간,2
얘,2
리가토니,2
대의,2
연락,2
삭,2
불리,2
하겐다즈,2
피시,2
명동성당,2
매월,2
소하,2
오션,2
키치조지,2
기타,2
고다,2
넉넉하다,2
알라딘,2
셔츠,2
룬,2
스모크,2
췰,2
목탄,2
나카,2
가로수,2
레인보우,2
유원지,2
쌀밥,2
용인,2
셀러리,2
정확하다,2
안정,2
소츄,2
스마트,2
만다린,2
꼼모,2
블라인드,2
우스,2
마곡,2
황인용,2
수백,2
음반,2
조명도,2
식료품,2
시끌시끌하다,2
우나스,2
룸퍼,2
전기포트,2
수박,2
애플파이,2
밀로,2
히로,2
야시,2
전자렌지,2
밤피,2
스럽다,2
수면,2
각각,2
마법,2
오슈,2
군산,2
제목,2
비행기표,2
빵류,2
마노,2
중불,2
발효,2
정통,2
벌써,2
무니,2
후지,2
뜻,2
이로리,2
파이어,2
남도,2
미스,2
머그컵,2
양조장,2
명의,2
카덴,2
의향,2
훗카이도,2
글구,2
토스,2
나인,2
중동,2
아귀,2
꿩,2
머시,2
픽업,2
최애,2
진동,2
라따,2
적용,2
암스테르담,2
페퍼,2
페인,2
매콤,2
아더,2
간판,2
마들렌,2
샌들,2
비지,2
라스,2
언더바,2
종각,2
국물,2
간짜장,2
페루,2
마무리,2
남면,2
노포,2
평범,2
홍천,2
엽떡,2
미유키,2
햇살,2
삐,2
봉투,2
두리,2
붉다,2
고로,2
우주,2
다이칸야마,2
단호박,2
오카,2
친절,2
빅,2
장미,2
램프,2
보이시,2
얼마,2
코마,2
음향,2
보리밥,2
웰링턴,2
부처,2
스위스,2
촬영,2
유부초밥,2
포터,2
로주,2
정가,2
그때,2
아쿠아,2
어메이징,2
궁,2
헤어,2
메시야,2
뉴,2
동굴,2
장터,2
렌틸콩,2
토파,2
옐로우,2
케리,2
평창,2
하룻밤,2
어란,2
스칸,2
마사지,2
한남대로,2
재패니스,2
그래피티,2
고고,2
독,2
대기,2
감정,2
손목,2
밭,2
세븐일레븐,2
볼트,2
르봉,2
녹턴,2
자이온,2
련,2
자하,2
진고,2
미치다,2
선유도,2
애호박,2
앂,2
피로,2
은근,2
스카,2
닭고기,2
빗룸,2
제스트,2
드라마,2
특양,2
광안,2
글로리,2
프룻,2
답십리,2
인절미,2
아구,2
가츠동,2
비치,2
능이,2
쁘띠,2
미역,2
저니,2
미지,2
에어팟,2
기요,2
와이낫,2
네이비,2
방황,2
상치,2
테판,2
키스,2
사제,2
건대,2
서호,2
서리,2
산울림,2
반지하,2
캐비넷,2
올블랙,2
지화,2
미가,2
게라,2
강준혁,2
안정감,2
케이,2
난로,2
마일,2
케이프,2
모스,2
스텀,2
에르메스,2
케익,2
해물탕,2
대충,2
슈,2
월남쌈,2
램,2
메밀막국수,2
산소,2
대흥,2
불친절,2
내기,2
항,2
악세사리,2
포지티브,2
만족하다,2
그루,2
버즈,2
일대,2
맨하탄,2
타운,2
서랍,2
파트,2
건조,2
자물쇠,2
소고기구이,2
용두동,2
잔술,2
간격,2
영계,2
비타민,2
울프,2
최대,2
아티초크,2
신라,2
디올,2
스트,2
효자동,2
연구소,2
나중,2
마구,2
랍,2
동영상,2
벤치,2
시미즈,2
먼트,2
두유,2
지라,2
중화요리,2
오부,2
소란,2
샤브샤브,2
로타,2
웃,2
브라더스,2
료리,2
짚,2
평소,2
이로,2
피그,2
요새,2
메스,2
토드,2
먼저,2
라비,2
서면,2
레이디,2
오키나와,2
미트볼,2
수동,2
러브,2
고맙다,2
내쉬빌,2
알래스카,2
리즈,2
삼전동,2
발몽,2
로스팅,2
배드,2
촉촉하다,2
소규모,2
바우트,2
시옹,2
하하,2
확인,2
회덮밥,2
배식,2
더블린,2
양제,2
시래기,2
마야,2
보안,2
패스,2
얼마나,2
파사드,2
거래,2
이글,2
다락,2
유라,2
이해,2
포도,2
헤라,2
차슈,2
흠,2
곶감,2
가츠산,2
배송,2
특징,2
디지털,2
세미,2
순두부,2
다이야,2
항상,2
박하다,2
버킷,2
아씨,2
유니크,2
꼭대기,2
동반,2
포함,2
팔,2
셀린,2
굽,2
미소라멘,2
박아,2
매직,2
압구정로,2
지노,2
자극,2
신동,2
라이프스타일,2
크게,2
살룬,2
깐풍기,2
달기,2
보보,2
복집,2
필요하다,2
포어,2
의견,2
니트,2
시트,2
모자이크,2
안키모,2
몽탄,2
아로마,2
톡톡,2
시도,2
성신여대,2
오코노미야끼,2
모카,2
무조건,2
시부야,2
바이블,2
압도,2
핑거푸드,2
짜파게티,2
다크,2
후쿠오카,2
스토,2
우나기,2
노바,2
수린,2
노트,2
이티,2
템,2
오므라이스,2
탄탄,2
퇴근,2
사계,2
연신내,2
정담,2
산도,2
포르투,2
라바,2
여지,2
두툼,2
마르셀,2
색,2
반찬,2
번호,2
씨유,2
퓰러,2
솔직하다,2
사이더,2
패밀리,2
이마트,2
아사이베리,2
교대역,2
현재,2
임프레션,2
승,2
에버,2
수다,2
페이지,2
관점,2
주택,2
비바,2
수지,2
키드,2
찰스,2
통합,2
페이스,2
임마,2
이쯤,2
티크,2
독감,2
제국,1
트롬,1
신대륙,1
김상,1
뒤샹,1
상아,1
로즈페탈잼,1
사생활,1
힐튼,1
열,1
이자벨,1
박멸,1
바일렌,1
파르미쟈노레쟈노,1
놂,1
핑크색,1
유기한,1
시리얼,1
석관동,1
와레와레쿡,1
술퍼,1
미동,1
지아,1
유키,1
미도,1
오무라이스,1
보얗다,1
실크,1
러셀,1
반스,1
후의,1
랑,1
납작만두,1
브레첼,1
벌꿀,1
몽탄냉,1
즈음,1
바켄,1
비놀릭,1
후반,1
발루토,1
씨드,1
화성,1
데코,1
시계,1
씌어,1
모빌,1
르브리에,1
드팻,1
년,1
스너그,1
장만옥,1
감동,1
야장,1
피시앤칩스,1
소류,1
어향가,1
리언,1
카를로,1
분해,1
카피,1
옥스포드,1
달고기,1
가득하다,1
넷플릭스,1
미용사,1
밤바람,1
나들이,1
앤티앤스,1
봉추,1
프앙디,1
가우리,1
별스넥,1
마쥬,1
동기,1
트롤,1
듀오,1
섬광,1
어둡다,1
탄산,1
방추,1
블랙타이,1
카린,1
흐름,1
난드르바당,1
세바,1
진구,1
베넷,1
텔모,1
웍,1
바렌,1
삼발이,1
후르,1
혜,1
사러,1
오자,1
컨드,1
서교동,1
팍시,1
온더무브,1
샤브,1
연결하다,1
송우종,1
한편,1
철수,1
격식,1
파인드스터프,1
베이지,1
고무줄,1
아모스,1
트란시노,1
회원,1
삼겹,1
후리,1
빅뱅,1
개시,1
배동,1
어바웃진스,1
글루글루,1
스플릿,1
브랜디,1
물냉면,1
페리,1
바인,1
영동,1
폴키,1
화순,1
에덴,1
린콜,1
욕심,1
슈테판,1
추어탕,1
숙고,1
퍼품,1
우즈,1
사리,1
로컬라이즈,1
균,1
시끄럽다,1
무돌,1
박물관,1
이스트,1
듀플렉스,1
띵굴,1
현미차,1
가짜,1
메탈,1
평온하다,1
허블,1
출국,1
호기심,1
구복,1
"0	1
title	[]
옷",1
라몽림,1
디예,1
옳다,1
석,1
연한,1
승호,1
닌빈,1
온타리오,1
반죽,1
뮈스,1
후드,1
러시아,1
블랑로쉐,1
내방역,1
일품,1
쿠루,1
혜정,1
블로그,1
비산,1
포스트카드,1
첸,1
픽션,1
포홈,1
식도염,1
면세,1
한라,1
모자,1
점프수트,1
마스,1
다짜고짜,1
출연,1
공주,1
뚱보,1
카카,1
안양,1
츠지,1
카세트,1
일반도,1
중독,1
바다장어,1
박경자,1
까치,1
후시,1
모래,1
낙산,1
봉지,1
앰프,1
머스터드,1
신부,1
고딩,1
표,1
크래커,1
제나,1
더엠,1
그립다,1
공기밥,1
컨택,1
얼스,1
장작,1
포체,1
사프란,1
두둥,1
벽면,1
잡탕,1
페킹덕,1
골동,1
주식회사,1
르프,1
넘버링,1
과천,1
진귤단차,1
수영장,1
고디바,1
메르,1
납작하다,1
팝송,1
역전,1
하노이,1
카펫,1
배차,1
호랑이,1
옥인동,1
샤이바,1
로컬릿,1
차리기,1
미술상,1
동묘,1
설헌,1
의림,1
정희,1
멜번,1
숙란,1
조거,1
행동,1
마로,1
드림랜드,1
오월,1
원흥,1
트레블,1
자라,1
전부,1
카공,1
스페샬,1
소면,1
까눌레,1
채윤희,1
킨덜스,1
코뮨,1
라신,1
살이,1
콘유,1
일치,1
스트라이프,1
온화,1
티나,1
레지던스,1
톰,1
아마존,1
브뤼셀,1
오뚜기,1
방울토마토,1
어색하다,1
캡틴마블,1
과제,1
원피스,1
죄송하다,1
캐슬,1
퍼미,1
스아,1
스모키,1
똘,1
브렌드,1
뎐,1
톤쇼,1
클로브,1
홀더,1
청소,1
샤토브리앙,1
에멘,1
군생활,1
남아,1
강화,1
후아유,1
로밀쉐,1
치카라,1
플롬,1
한산,1
게국지,1
베스트,1
두드러지다,1
디태치먼트,1
멍데몽,1
밀푀유,1
플람스,1
산아,1
조립,1
앵콜,1
증류,1
기네스,1
비파,1
행시,1
부다,1
사업,1
털빨,1
행사,1
지고,1
네일,1
인학,1
산수,1
불요리,1
닭다리,1
네팔,1
파란,1
플래츠,1
퀸즈,1
보르,1
루팡,1
사사노,1
묘사,1
늦,1
고창,1
부엌,1
기린,1
트론,1
밑,1
롤러,1
고,1
오목눈이,1
가릿,1
곤트란쉐리,1
기립,1
프라이탁,1
천원,1
도심,1
이호,1
콘디,1
샴폐,1
해원,1
신평,1
마스터,1
게스트하우스,1
스쿠버다이빙,1
상트페테르부르크,1
트라이앵글,1
마스카라,1
더비,1
프로세서,1
스폰지밥,1
전농,1
황평집,1
훈남,1
생일상,1
컬처,1
쟈,1
철철복집,1
로비,1
피즈,1
주안상,1
볼리비아,1
전하,1
강인하다,1
커런트,1
펠레,1
로랑,1
방청,1
허리,1
하동관,1
택시,1
참치회,1
모교,1
해결,1
비키,1
장고,1
명가,1
애인,1
베이징,1
빙장,1
옹근달,1
수골,1
오하,1
아이리시,1
울트라,1
큐업액,1
세차,1
벽,1
거지같다,1
니시무라,1
아바이,1
툭툭,1
여래,1
진솔하다,1
개별,1
터리쇼룸,1
삽,1
컴컴,1
썬댄스,1
슬록,1
시한,1
크리에이티브,1
호흡기,1
반도,1
길조,1
온천,1
한의원,1
옵티멈,1
선컷,1
하의,1
졸,1
제복,1
노원,1
드엠,1
화로,1
여로,1
보문동,1
여거,1
선명하다,1
머스크,1
아노락,1
체임버,1
스프링롤,1
커뮤니티,1
초생,1
옐로,1
찹찹하다,1
엄청나다,1
바이러스,1
팔자,1
집합,1
겁,1
썸,1
랑스,1
숙,1
고릴라,1
고에몽,1
쯔쿠시,1
쇼잉하,1
미스터칠드런,1
새끼,1
뎀셀브즈,1
보나,1
와우,1
스웻,1
보드카,1
쪽파,1
크리미,1
시스,1
기념품,1
호밀,1
이따,1
오비,1
다랑어,1
간결하다,1
마리아,1
탄탄하다,1
디렉터,1
해동,1
라카,1
언타이틀,1
뚜르뒤뱅,1
옥류,1
프란,1
경도,1
스플,1
재현,1
매혹,1
홈플러스,1
투르,1
루메,1
콜드크림,1
게살,1
실액,1
노비,1
야매,1
즉흥,1
재능,1
쉑,1
레스쁘,1
밴댕이,1
광합성,1
브뤼,1
디폴트,1
루마,1
인공,1
셜록,1
집들이,1
여타,1
브뤽라디,1
뮤지,1
슈만,1
꽝,1
링귀,1
보온,1
아크네,1
리조,1
타지,1
가쓰오부시,1
가열,1
본가,1
물이,1
분코,1
매니,1
붓처스컷,1
루르,1
신맛,1
택스,1
봉화,1
과실,1
빔,1
개도,1
타파,1
강정희,1
프루프,1
싱싱하다,1
체인,1
인포,1
컬렉션,1
내일,1
문학,1
페이퍼,1
리더,1
트링,1
하카타,1
아현,1
마끼,1
해외,1
고요하다,1
스페니시,1
실패하다,1
휩쓸다,1
천진,1
옥스,1
뻬뻬,1
가리봉동,1
마그리트,1
대림역,1
조천,1
리빙숍,1
페란,1
모델링,1
윌,1
킹소,1
게시,1
라드,1
견우,1
주르륵,1
특급,1
수타면,1
우습다,1
루카,1
콩국수,1
송탄,1
섭식,1
장님,1
플루,1
신념,1
높이,1
뭉티기,1
플레,1
북서,1
맨션,1
중국요리,1
판나코타,1
화산,1
한나,1
드류,1
가운,1
회계,1
미드,1
투썸,1
찬스,1
손톱,1
주도,1
인팟,1
솔송주,1
누적,1
테투,1
결합,1
레솔베르,1
레트로,1
크레센도,1
너울,1
펀더,1
고택,1
나고야,1
워크샵,1
휠,1
용품,1
챠르챠르,1
캡,1
피닉스,1
신진원,1
앙시,1
레쉬,1
령,1
플,1
나무모,1
선사,1
비주,1
주기,1
팔렡,1
자필,1
한씨,1
상큼,1
힐링,1
울트라마린,1
벗,1
네이처,1
경포대,1
사촌오빠,1
로드트립,1
보문,1
당시,1
콘트라스트,1
고급스럽다,1
창문,1
빠끼또,1
굿밀,1
어둑해지다,1
스다치,1
핀초,1
집옥재,1
구미,1
으뜸,1
페트,1
스리,1
브로스,1
다시다,1
넘치는,1
힘,1
곤약,1
써스데이,1
란타,1
보르도,1
베가,1
낮인더무드,1
르상스,1
도피,1
정갈하다,1
브리티시,1
마뫼,1
해송,1
명칭,1
가요,1
보장,1
쿠차,1
원강,1
분노,1
글래드,1
산삼,1
유비,1
일통,1
매스틱,1
암시장,1
스앤,1
닥터,1
롤리,1
룰루,1
장마철,1
가염,1
발트,1
길음,1
청국장,1
클레르,1
마스터즈,1
정인,1
포리스트,1
자몽주스,1
광야,1
협소하,1
오버,1
우타다,1
토핑,1
꽃집,1
줄기,1
회수,1
경,1
쪼리,1
수령,1
출발,1
부탄,1
봉천동,1
평택,1
수요일,1
랠리,1
터프가이,1
수퍼,1
점심식사,1
사찰음식,1
일요,1
나베,1
회화,1
픽트,1
쉐즈롤,1
정자동,1
아브라카슈즈,1
전자책,1
포티지,1
톨,1
거르기,1
새록새록,1
흑화,1
참나물,1
실제,1
티모,1
선재,1
도쿄도,1
푸쿠옥,1
쿨링,1
앙드레,1
진정,1
로퍼,1
땡,1
하바네로,1
활량,1
솜,1
카피캣,1
인왕,1
시무라,1
당산,1
가배,1
률,1
나카지마,1
빠뜨릭스,1
원효,1
뉘,1
마밋,1
노이즈,1
라뷸,1
곰방대,1
노들강,1
시네마,1
핫케이크,1
청재,1
일광,1
아시안,1
젠맛차,1
로쿠진,1
아무,1
치과의사,1
폭스,1
하사,1
그니,1
팬츠,1
위니,1
척,1
뽈탕,1
브스,1
킨더프레스,1
혜장,1
라커,1
헐리웃,1
콘테스트,1
용문,1
둘이서,1
브레스트,1
고성,1
통도사,1
낭만,1
로직,1
립밤,1
디스커버리,1
문신,1
애가,1
사보텐,1
미러리스,1
가래,1
중국인,1
교텐,1
차야,1
철판,1
드레싱,1
파머스,1
해성,1
삐꼴,1
완공,1
사토,1
감자칩,1
금지,1
불과하다,1
마저,1
번동,1
송계,1
추천	이촌,1
발골,1
체리파이,1
디시,1
소사이어티,1
크루,1
하이라이트,1
세인트,1
유발,1
관서,1
델젤,1
박성민,1
미메시스,1
단보,1
다키닥팜,1
웰빙,1
헤르,1
마티즘,1
오크,1
메이슨,1
결,1
러너,1
쟈크,1
농도,1
노릇,1
귀가,1
파란색,1
레이크,1
코드,1
넥스트,1
라모스,1
홍어회,1
소호,1
적절,1
요청,1
방돔,1
로칼,1
주문진,1
충남,1
하와,1
블랑,1
티그,1
자의,1
데싱,1
연탄구이,1
갑산,1
펑,1
캡처,1
여명,1
품질,1
롸카두들롸카두들,1
털실,1
화랑,1
어쨌든,1
생으로,1
제한,1
호박꽃,1
캐추얼,1
표선,1
마운틴,1
투사,1
만수르,1
국자,1
감수성,1
면허증,1
도씨,1
넘버,1
크레이지,1
딥,1
스넥,1
크레타,1
바운드,1
개발,1
광대도,1
샵앤,1
츠바키,1
묘미,1
무한,1
북가좌동,1
평가,1
모엣,1
수림,1
매니아,1
데오드란트,1
맨하튼,1
크레용,1
고추기름,1
정직하다,1
아이폰,1
열사,1
조도,1
설농탕,1
캔디,1
동문,1
레고,1
싱,1
갑오징어,1
빠데,1
김도훈,1
엑스,1
케이퍼,1
퀘사디아,1
부상,1
끼약,1
통인동,1
오헨,1
테일,1
업바앤,1
피케,1
플라자,1
양평역,1
드라이브,1
디템,1
갑갑하다,1
꼴라쥬,1
면류,1
카페테리아,1
틸트,1
안목,1
대여,1
살림,1
다이소,1
개월,1
무려,1
필름,1
모반,1
디바,1
신분증,1
꼬떼,1
광주리,1
실론,1
펠른,1
온누리,1
연리지,1
유럽인,1
선곡,1
애초,1
괜춘,1
르번미,1
윤기,1
면발,1
각인,1
에쉬레,1
카푸치노,1
로이스,1
동원,1
트닝,1
주황색,1
도라에몽,1
엔드게임,1
갤럽,1
월곡동,1
킷,1
쮸즈,1
의아,1
접짝뼈국,1
벤토,1
가득,1
코시,1
챠오,1
포레,1
투페이스,1
챱챱,1
피엠님,1
인칭,1
일출,1
보스턴,1
마비,1
슴,1
훨훨,1
발톱,1
관심,1
기획,1
스웨,1
업로드,1
옥수동,1
매기,1
인량,1
게릿,1
면도,1
재고,1
엘더,1
오캄,1
구룡포,1
체스터필드,1
뜸,1
펜,1
강날,1
번인,1
한신포차,1
전복죽,1
만평,1
스테이션,1
잼,1
썬데이,1
페더,1
유입,1
필레,1
프리픽스,1
랭맥,1
수묵,1
난방,1
안좋다,1
라몬,1
세컨드룸,1
싱싱잇,1
컨설팅사,1
사색,1
미카엘,1
시디즈,1
파스쿠찌,1
목화,1
민아,1
스틱,1
버튼,1
매번,1
픽키이터,1
핀란드,1
덕원,1
성의,1
성의껏,1
덕천,1
신드롬,1
캅,1
드컷,1
플라스틱,1
서치,1
고요,1
오니,1
트레스드,1
마핑파,1
기운,1
창동,1
막셰,1
피씨,1
동시,1
터번,1
송리단길,1
새로이,1
닐스,1
명주,1
융화,1
스라이,1
전공,1
외할머니,1
되네르,1
비이커,1
미니멀리즘,1
흥미,1
팔각,1
샤오찌,1
황포,1
우국,1
폴라,1
별장,1
거름,1
광채,1
치폴,1
완성,1
페퍼로니,1
다행하다,1
흥미진진,1
운전면허증,1
약과,1
초코파이,1
골목길,1
프린스,1
포청천,1
컵케키,1
데니,1
립프,1
비스킷,1
창원,1
하이엔드,1
후렌치,1
최은영,1
토리코,1
꿀팁,1
파델,1
쟈니,1
모터,1
일상다반사,1
만뽀,1
요조,1
이익,1
시킴,1
델룩,1
루바,1
우들랏,1
요코,1
꼴뚜기,1
픽스,1
샤떼뉴,1
대사관로,1
우마미,1
굴라쉬,1
한지,1
티앤,1
욘즈,1
카니,1
유연제,1
커민,1
쑥갓,1
진짜루,1
퍽퍽,1
츄로스,1
트레이,1
레텔,1
코리,1
로쏘,1
주가,1
부기우기,1
루스,1
블릭,1
산지,1
쯔쿠네,1
야,1
살루쪼,1
부천,1
퍼펙션,1
앤손스,1
각질,1
댕,1
벌벌,1
성훈,1
감옥,1
콜라,1
정지,1
월길,1
진저브레드,1
마코토,1
장인,1
파복스,1
파노,1
연골,1
도마,1
스타우트,1
주어,1
엠,1
모밀,1
파쿠,1
블렌더,1
클린,1
스피드,1
발라,1
디즈니랜드,1
카사블랑카,1
마인,1
짚불,1
징,1
콧페,1
치아바타,1
서울식,1
페이크,1
프랭크,1
폐업,1
스팟,1
첫째,1
근교,1
감독,1
스텔톤,1
시나,1
마중,1
정석,1
쫄랑,1
페셰,1
최가네,1
풍왕,1
좋은,1
처럼,1
부리또,1
페투치,1
차례,1
이파리,1
카우치,1
완소,1
마토,1
왓쇼이켄,1
주전자,1
시립,1
양미리,1
동일,1
남쪽,1
절약,1
핏플랍,1
인자하다,1
예매,1
교수,1
리우,1
해크,1
일관,1
북어,1
엠엘비,1
외관,1
풀드,1
카스티야,1
궁정동,1
환대,1
리체타,1
애류헌,1
동백섬,1
감태,1
애드피,1
마켓엠,1
소피아,1
헤이즐넛,1
다미,1
보포,1
쥬스,1
클렌징밤,1
물감,1
토스터,1
갑작스레,1
포터헤드,1
순수하다,1
뿔레,1
반동,1
내내,1
상탈,1
회도,1
김진,1
영광,1
홍탕,1
교포,1
칭찬,1
세븐,1
알리,1
세콘디,1
시옷,1
평창동,1
마장,1
역,1
호모,1
스커트,1
아카이브(ver.23.11.14)	태릉,1
도드리,1
동그랑땡,1
퍼블,1
커피빈,1
르빵,1
인류,1
코리아나,1
큔,1
낙스,1
스테파노,1
품절,1
우마,1
어둑어둑하다,1
스파크,1
경치,1
천동,1
하버,1
사심,1
자석,1
아코,1
슬릭,1
웃기,1
신종,1
조부,1
디그,1
개인주의,1
상상,1
자정,1
베르크,1
옥형,1
테판런치,1
미흡,1
실망,1
짬,1
미더덕,1
블로썸,1
종사,1
호족,1
에빠뉘,1
에드,1
수계,1
고래,1
옴,1
불편,1
달고나,1
배산임수,1
포비,1
푸만,1
스튜어트,1
듀칼스,1
베다,1
면수,1
비정상,1
만이,1
커피하우스,1
배달,1
컬쳐,1
허용,1
몽블랑,1
볼레로,1
고경표,1
클스,1
끼니,1
토사,1
파래,1
로열티,1
황홀하다,1
우사,1
주옥,1
광장시장,1
멀리,1
뱃살,1
멘치,1
리전,1
주종,1
무집,1
충실하다,1
남박,1
프로즌,1
쏠,1
김지훈,1
류량,1
포피,1
무월,1
문화재,1
중면,1
관리,1
육곽,1
브로치,1
푼토,1
깜브레,1
도도,1
지겹다,1
사주,1
플릿,1
벌스,1
트랄,1
브레잌,1
베르디,1
병철,1
노모,1
무밥,1
부르고뉴,1
뒤파르크,1
과당,1
청운,1
의류,1
손상,1
텐셀,1
머스타드,1
반응,1
미련,1
교촌치킨,1
피순대,1
럼블,1
동북,1
제청,1
가츠신,1
로키,1
란스,1
샤리,1
방스,1
취한,1
네오,1
마상,1
유목,1
순교자,1
약시,1
이프,1
쌤,1
초록색,1
파츠,1
협재,1
바바로아,1
이스라엘,1
틸다,1
한센,1
항산화,1
파운데이션,1
미우미우,1
게란,1
반하다,1
머리띠,1
덕질,1
영롱,1
지하가,1
하루키,1
코미,1
통째,1
미생,1
만담,1
세명,1
맥주펍,1
여자애,1
교육,1
레깅스,1
스위트콘,1
인복	월,1
죵히언,1
나비,1
램숄더,1
유카,1
창밖,1
우수,1
로리스,1
죽순,1
프로모션,1
우롱,1
메누,1
산북,1
서산,1
특정,1
메라,1
마요르카,1
마스크,1
쑥,1
슈니첼,1
달맥,1
리젠트,1
"키키
[일상]책읽기",1
커피나무,1
에콰도르,1
다드,1
은어,1
옥앤수,1
꽁티드툴레,1
르페셰,1
김릿,1
오르가즘,1
우산도,1
여부,1
곡성,1
사진관,1
다산초당,1
피아골,1
영도,1
웨스트,1
봇,1
교보,1
포르치,1
숙주,1
너희,1
강아지,1
테누토,1
곧,1
디스,1
크룸,1
소월로,1
핑,1
숏,1
인제,1
김해,1
교실,1
에토프,1
캡슐,1
칼이쓰마,1
스톨,1
감국,1
꾸리,1
장국,1
심형탁,1
호야,1
면접,1
무민,1
별빛,1
애플펜슬,1
유성,1
베일,1
벼락,1
한식당,1
머핀,1
므,1
쿼츠,1
랑게,1
옻칠,1
방앗간,1
고쿠미,1
컨플릭트,1
와인글라스,1
사각,1
캠핑장,1
지평,1
범일,1
바이어스,1
전의,1
탈렌티,1
분도,1
제이콥,1
디펜더,1
칩,1
자전,1
안개,1
수유,1
땅코,1
돌체,1
뽀빠이,1
괴테,1
릴리트,1
멜트,1
번개,1
그게,1
일어나서,1
야경,1
나라,1
찬란하다,1
꼽겠다,1
닌교,1
크놀,1
시식,1
플라잉,1
선지,1
학림,1
연각,1
순자,1
백수,1
값,1
갓김치,1
모듈러,1
쓰나미,1
쿠스,1
소나무,1
부머스,1
고층,1
뿜뿜,1
상도동,1
두륜산,1
폴베르,1
빈스,1
앰플,1
망하다,1
휴게소,1
영상통화,1
뭄,1
영향력,1
잠,1
서포터즈,1
자형,1
강산,1
풍류,1
장원,1
판,1
세번,1
단독,1
일차,1
티코,1
초회,1
게장,1
모니터,1
유리아,1
기저귀,1
길다,1
돌이,1
해명,1
제기동,1
탭퍼블릭,1
켄비,1
경복궁역,1
냠,1
경쟁력,1
메밀묵,1
장진,1
오카이,1
나가사키,1
미산,1
코게러,1
극히,1
디종,1
랑드,1
입원,1
뜬금,1
운명,1
합정옥,1
꼭지,1
축,1
검색,1
기름기,1
변동,1
소굴,1
사워도,1
재훈,1
합리,1
셀프,1
중국집,1
에일,1
쇼린,1
유면,1
생파,1
앰,1
삼박자,1
낭푼,1
야오,1
스턴,1
노마드,1
형,1
비엘,1
김덕,1
꿈,1
빠,1
미각,1
아열대,1
켈러,1
휴일,1
튜토리얼,1
칸지,1
이우,1
군더더기,1
용이하다,1
퓨즈,1
투게더,1
아키라,1
뉴올리언스,1
쥬드,1
수딩젤,1
등록,1
갱,1
이문동,1
한성옥,1
오뗄두스,1
맷차,1
요정,1
나노하,1
함바,1
하프,1
뽀르,1
계곡,1
간만,1
생강,1
마린,1
벼룩시장,1
학고재,1
터널,1
눈썹,1
컵반,1
땜,1
의외,1
천호동,1
더랜치,1
중남미,1
장생,1
저건,1
설계,1
인구,1
홍박,1
상인,1
민목,1
라씨,1
노보텔,1
아파트먼트,1
요코하마,1
나우,1
트페,1
집요정,1
멘붕,1
등록증,1
정작,1
주정,1
갈비탕,1
가람,1
방배역,1
건축,1
미자,1
광포,1
나누기,1
교류,1
플라쥬,1
북스,1
콜렉터,1
해촌,1
분덕스,1
가마솥,1
쿄토,1
목적지,1
존스,1
로켓,1
헬리,1
테일스,1
르메종,1
코히루,1
무안,1
비터팬,1
테로,1
클레오,1
횡성,1
야식,1
사상체질,1
어촌,1
미쉐린,1
식기,1
인상파,1
한쪽,1
징징대다,1
장난감,1
슈바,1
방제,1
도렐,1
개강,1
마이클,1
라티나,1
닭새우,1
케이블카,1
우탱클랜,1
떼뚜,1
마레,1
매칭,1
머스트,1
타라,1
오피스,1
엘리,1
쥐라,1
블라우스,1
레소스,1
니수아즈,1
모듬초회,1
대란,1
함흥,1
백탕,1
퍼셉션,1
독자,1
획기,1
죄인,1
갈레,1
츠루,1
팬케익,1
오그,1
자파,1
영사관,1
텔,1
이정웅,1
전문식,1
헬스,1
피하,1
영화관,1
사워크림,1
보넷,1
메신저백,1
일명,1
라이딩,1
어벤져스,1
관동,1
비야,1
커피점,1
체제,1
송명섭,1
미라,1
전문성,1
작가,1
산들,1
생강나무,1
유텐실,1
판텔라,1
제인,1
마약,1
레이더스,1
안녕,1
레미엘,1
퍼블릭,1
업데이트,1
아루히,1
영덕,1
요코스카,1
동남,1
보라색,1
윙앤딥,1
스지찜,1
수란,1
쓴맛,1
어도,1
팩피,1
유카이,1
임서,1
김인,1
유산,1
개포동,1
파프리카,1
찍,1
손더,1
물랑,1
리키,1
클락,1
슈슈,1
포르케타,1
디도,1
어물,1
슈페,1
에이커,1
오트란,1
스멜츠,1
왕보,1
야마자키,1
그림,1
버트런드,1
퓨어,1
민씨,1
일상	오늘,1
일코,1
드네,1
블렌드,1
레테,1
종일,1
선배,1
주목할만하다,1
화풍,1
소수,1
묵집,1
단계,1
무장해제,1
모츠,1
티컬렉티브,1
제제,1
브루어스,1
서림,1
마가,1
풀베개,1
푸마,1
아이스란드,1
라피,1
펌리빙,1
버드,1
압착,1
바이오,1
호일,1
천이오,1
스태,1
에그베네딕트,1
댄님,1
로움,1
코스타리카,1
찬밥,1
피렌체,1
오중석,1
왕교,1
통삽겹,1
상호,1
완료,1
홍릉,1
사시,1
신호,1
활동,1
후통,1
개편,1
양봉,1
특선,1
더구룸,1
멧돼지,1
도루,1
뮬러,1
최고점,1
고산,1
스르르,1
애니버서리,1
쏘렌,1
로드리게스,1
조절,1
멀러,1
체인지,1
이큅먼트,1
말렉,1
냉장,1
주민,1
러셔스,1
에베레스트,1
트릴로지,1
육질,1
서빙,1
로미,1
흥겹다,1
착착,1
스파이크,1
테라로사,1
잇콘,1
밀레니엄,1
비올라,1
가츠오부시,1
카보차,1
미생물,1
렌,1
차니,1
동무,1
히노키,1
전호,1
갯,1
가서,1
잡채,1
십,1
이벤트,1
띵,1
사이클,1
아키비스트,1
대박,1
나영,1
붓카,1
콘래드,1
필라테스,1
팔레트,1
치타,1
히데,1
티노,1
헬릭스,1
가모,1
쳐스,1
가브리엘,1
발뮤,1
만수무강,1
알토,1
평안도,1
적자,1
외진,1
재팀,1
트챠,1
일행,1
환,1
신건,1
열무,1
윈드서핑,1
스탠포드,1
비앙카,1
사계절,1
조기,1
쿠에른,1
구두,1
인터넷,1
쵸우,1
청키면,1
라뽐므,1
이콘,1
하이디,1
포케집,1
와룡동,1
금강산,1
바흐,1
산정호수,1
호시,1
실화,1
유기농,1
훈제,1
피터,1
킬샷,1
3월,1
아이파크몰,1
앵거스,1
백반,1
인정,1
독도,1
루블,1
두루미,1
냉국,1
꼬들살,1
그룹,1
얀,1
프로슈또,1
진인,1
우월,1
달링,1
대도,1
기리,1
연하다,1
완주,1
세인트존스,1
양장,1
미안,1
공용,1
전문가,1
거품,1
키캣,1
모이,1
내년,1
다쿠아즈,1
광둥,1
마케또,1
앙주,1
재피,1
이태원역,1
에티오피아,1
까슐레,1
쿠시토쿡,1
정성스럽다,1
텐푸라후루,1
멤버십,1
오차,1
거제,1
진재영,1
모건,1
여산,1
지금껏,1
스포일러,1
여태,1
체력,1
트럭,1
대장,1
주로,1
닭백숙,1
남아프리카,1
카라프,1
재작년,1
테츠,1
카멜레온,1
산채,1
쯔유,1
패드,1
크레마,1
맷돌,1
동작,1
역삼역,1
마루아,1
총총,1
깨끗하다,1
디스코,1
몽유,1
해먹,1
라비올리,1
오닉스,1
스페어,1
스탈,1
색깔,1
패기,1
허름하,1
밖,1
만석꾼,1
더스,1
해변,1
즉석,1
단행본,1
"얼음
[욱챌]",1
싸이코,1
머쓱,1
롯데리아,1
태릉,1
빚,1
소유,1
라선,1
어수선하다,1
뮤트,1
이상은,1
해당,1
마리오,1
티티,1
동행,1
도토리묵,1
카누,1
상자,1
단종,1
귀차니즘,1
나폴레옹,1
송림,1
도니,1
오도,1
상진,1
치킨카츠,1
해녀,1
드로잉,1
화해,1
안정화,1
고독,1
인터컨티넨탈,1
샤또,1
치차,1
출구,1
광릉,1
이경호,1
겨,1
절묘하다,1
츠쿠모,1
노크,1
레브이트,1
벤또,1
아니스,1
효과,1
게바,1
슈밍,1
김정호,1
옹,1
와디,1
셀,1
운동복,1
2월,1
환장하다,1
납입,1
안마,1
만선,1
피해,1
검정,1
양과자,1
직하다,1
호반,1
둥그런,1
브륄레,1
스폰티,1
쉽다,1
쿠나,1
윈더,1
유리컵,1
프나드,1
꿀맛,1
노맛,1
수입,1
시타,1
사르르,1
헝그리,1
밍글스,1
동락,1
네거리,1
일본인,1
겹,1
지속,1
똠얌꿍,1
고스,1
제육,1
캉,1
먹은덴데,1
슈퍼막셰,1
다가,1
상하,1
파랗다,1
리트,1
로리,1
자뎅,1
아르마니,1
코비,1
올리브영,1
믹서,1
영상,1
뚱하다,1
고프다,1
선동,1
한양대,1
봉봉,1
제조,1
법원,1
삼고초려,1
이력,1
슾,1
변화,1
지브라,1
디핀,1
악세다,1
애프터눈티,1
얼루어,1
점토,1
네스,1
히알루로닉,1
자우버,1
첼시,1
두기,1
쇼유,1
미사,1
씨엘,1
피탈,1
육즙,1
오트렉,1
특성,1
구루메,1
보그,1
칙,1
치폴레,1
지문,1
렌스,1
알레,1
미술품,1
가려움증,1
기미,1
닭도리탕,1
김재욱,1
서로,1
뻥,1
산내,1
에러,1
요호,1
난봉,1
과메기,1
뽀,1
만취,1
크레이트,1
뽀유,1
희귀,1
주리,1
수영,1
뫼,1
수목원,1
꽁치,1
비빔,1
카발,1
킴튼,1
에이치,1
주름,1
책상,1
순이,1
크리,1
바캉스,1
카메라타,1
즐,1
수록,1
해물찜,1
롭,1
수반,1
곳도,1
실험실,1
스파이,1
가스파초,1
후무스,1
청포도,1
몬안,1
통인,1
히카리,1
백경,1
크루아상,1
지구,1
콴,1
장어구이,1
아틀리에,1
서양,1
프히베,1
견과류,1
자동,1
애견,1
연인,1
텐지몽,1
메쿠,1
리에종,1
구의,1
보스,1
최후,1
테크,1
천년,1
켈로그,1
레모즘,1
진전,1
똑,1
제출,1
실,1
겟했어,1
해마,1
소드,1
스파이스,1
오른,1
그릿,1
오우야,1
색칠,1
나시,1
푸지,1
잉어,1
쇼쿠팬,1
하쯔호,1
삐약,1
근대,1
까맣다,1
페일에일,1
멘토,1
히비야,1
알로하,1
슈발,1
로시,1
배너,1
쫙,1
아이다호,1
초초,1
뉘블랑쉬,1
보라매,1
아크,1
솔밤,1
곤,1
길티,1
최대한,1
쟁반,1
아낙,1
머나멀다,1
토피아,1
세라믹,1
에디터,1
유산균,1
플라노,1
프레임,1
깻잎,1
반숙,1
굵다,1
포토시,1
열쇠,1
앞머리,1
버블티,1
용답동,1
킬링,1
로렌스,1
드하,1
더치,1
파토,1
원조,1
하이브리드,1
체다,1
메바,1
사우스,1
까사벽락재,1
대부,1
최현정,1
가글,1
웨지힐,1
레몬이,1
도가니탕,1
만둣국,1
강가,1
"조용하다
[hazelist]",1
코런트,1
우대,1
랙,1
점차,1
셀러,1
마이너스,1
폭발,1
밀착,1
팀버,1
다이브,1
월종,1
줌,1
완화,1
프라이머,1
트겔,1
멸치액젓,1
별관,1
남아공,1
순풍,1
앤티,1
도매,1
샤오롱바오,1
루틸,1
개혁,1
주저,1
우미,1
비교,1
비즈,1
번의,1
분유,1
스틸케이스,1
스탑,1
싫다,1
네스카페,1
동아시아,1
굿넥,1
기표,1
공기,1
다츠,1
플리,1
진의,1
감속,1
콤비,1
듀펠,1
송월,1
켄싱턴,1
트르,1
투투,1
황현산,1
케일라,1
주근깨,1
장갑,1
잡기,1
무리다,1
가지런하다,1
루피,1
호밀빵,1
자색,1
셔스,1
오스카,1
추,1
성내동,1
점방,1
화교,1
높낮이,1
로쿠찬,1
살사소스,1
우선,1
도후멘보샤,1
청키샤미,1
배정,1
아이스바,1
키쉬,1
생활,1
양태,1
옥타미눅스,1
온도,1
이어링,1
젓갈,1
주행,1
미성,1
나하,1
미야비,1
정동,1
기안,1
라오스,1
칭기즈칸,1
스무,1
가니쉬,1
폴트,1
스피,1
미코,1
원시,1
닷,1
린츠,1
부의,1
브릿지,1
기장,1
핫도그,1
행복,1
쿠진,1
초이스,1
페이,1
지니,1
수르,1
일향,1
최,1
용이,1
밸류,1
소국,1
엔젤,1
거부,1
퍼머넌트,1
누드,1
부첼리,1
배경,1
스위밍,1
주년,1
마땅치,1
은은하다,1
우둔,1
유의,1
토템,1
민지,1
뤼스,1
단정하다,1
마농,1
인스피,1
쌈,1
옵션,1
이상하다,1
혜성,1
어마어마하다,1
포르노,1
골든,1
메종엠오,1
요망,1
적응,1
류코,1
붙임성,1
시락,1
사업자,1
무선,1
포드,1
신청,1
판도,1
스팝스,1
네마,1
시동,1
자유,1
소곡주,1
츠케맨,1
쿠퍼,1
파올로,1
효율,1
가나,1
스니커,1
앤로,1
페치,1
어레스트,1
피누,1
기은세,1
아리다,1
마늘빵,1
아련하다,1
거더,1
에그타르트,1
도화,1
온스,1
에리스,1
첸토페르첸토,1
퐁뒤,1
아톤,1
푸시,1
양출쿠킹,1
조식,1
체스터,1
해운대,1
유아,1
양면,1
키조개,1
파도풀,1
라붐,1
지현,1
도하,1
풀이,1
양진,1
몽소,1
숙회,1
불만,1
카메,1
덱스터,1
상동,1
거인,1
명성산,1
비트,1
홧병나,1
끌,1
따빠디또,1
병진,1
산수화,1
와이프,1
라모,1
윈윈,1
림프,1
텃만꿍,1
외식,1
치기,1
신선하다,1
웰컴,1
일기,1
키예프,1
에센셜,1
러그,1
메이플,1
코카콜라,1
대학,1
고씨,1
훌훌,1
빌딩,1
쏘슐랭,1
노르망디,1
힘드다,1
쿠시라쿠,1
습하다,1
에딩,1
댄즐러,1
우영,1
객실,1
코모로,1
락스,1
라페,1
순두부찌개,1
증세,1
험담,1
개이득,1
숙대,1
장국밥,1
아나타노,1
심주,1
접객,1
개념,1
샤퀴테리,1
뫈,1
펌킨,1
다이어리,1
조우,1
우나동,1
상이,1
통나무,1
히노,1
이반,1
담꼭,1
더글라스,1
웨딩홀,1
잡티,1
독국,1
박력,1
서민,1
묵묵하다,1
기차,1
태조,1
디제이,1
프라하,1
다시금,1
바뽐므,1
특이,1
비토,1
술밥,1
리마,1
초상,1
본관,1
델,1
스케일,1
아벤느,1
올드스쿨,1
바퀴벌레,1
염장,1
타고,1
끝내,1
프레첼,1
전인,1
키키,1
가빈,1
파고,1
세기,1
떼뮤즐렛,1
우삼겹,1
보물,1
볕,1
피어,1
각양,1
사녹,1
아인,1
회귀,1
숀,1
서머싯,1
젠틸레,1
블로퍼,1
발렌시아,1
퓨레,1
황금,1
준우,1
비후,1
퀄,1
콘크리트,1
파온,1
라빠뜨,1
집도,1
가츠산도,1
진수,1
브리앙,1
티핀,1
십장,1
워터,1
파히타,1
베이지색,1
차트,1
뱅크,1
버티고,1
잉,1
유동,1
승선,1
노르마,1
페퍼민트,1
아레스,1
바마셀,1
몽땅,1
디캔팅해,1
상현,1
배럴,1
팔레,1
구현,1
초량,1
붓기,1
묵동,1
브레,1
메도빅,1
마얘,1
중시,1
로달,1
닭튀김,1
후스,1
기쁘다,1
코리안,1
화진포,1
송당리,1
미나스,1
옵스,1
물걸레,1
테너,1
코트,1
멕시카,1
딱하다,1
당고,1
아오이,1
자미,1
크렘,1
뚤리,1
객잔,1
해초,1
어려움,1
샷,1
펄쉘,1
코메,1
우완,1
팬시,1
손맛,1
잇츠,1
파머스빌리,1
보뚱치,1
와이어,1
브리스톨,1
완즈,1
프로방스,1
골드,1
루꼴라,1
저장,1
님들,1
신고,1
요로,1
똠양꿍,1
탑픽,1
마츠모토,1
광정,1
폭포,1
민,1
엠마,1
잡지,1
양념장,1
수건,1
할로,1
스몰톡,1
다나,1
유튜브,1
통통하다,1
목금,1
요요,1
김효,1
이은정,1
상반기,1
사비,1
리홀,1
양재천,1
돈대,1
무상,1
제아,1
비비안,1
조앤,1
발간,1
휴대,1
다공,1
리앤,1
뚱이,1
버릇,1
두메산골,1
마오,1
젠몬,1
수정,1
동방,1
사테,1
소로,1
리뷰,1
논현로,1
인물,1
펭귄,1
전자,1
얼음,1
미림,1
말기,1
씁쓸하다,1
도민,1
윤상,1
죵히,1
세스크,1
에스티,1
라뚜셩트,1
라룬비올렛,1
티라운,1
실패,1
복탕,1
인지,1
인원,1
장종현,1
코타바,1
청두,1
판체따,1
브브브,1
문구점,1
컬렉티브,1
식물원,1
자작나무,1
마드리드,1
도예,1
쿨,1
노화,1
메이컨,1
방지,1
"일상
방문",1
대머리,1
강남역,1
수산시장,1
초콜,1
접근성,1
유투브,1
취,1
신코,1
노아,1
긍정,1
개선,1
어복,1
궁금증,1
웨더,1
울진,1
섀도우,1
기기,1
파우치,1
사발,1
응급실,1
얠,1
올림푸스,1
덤,1
주의,1
빠에야,1
파포,1
라빈,1
자하문로,1
다실,1
금방,1
피처,1
투뿔,1
알펜,1
세도,1
스테이크하우스,1
광진구,1
악어,1
수집,1
렌트카,1
데마,1
라네즈,1
성,1
코인,1
실록,1
순례,1
랜드,1
와나,1
홍보,1
증가,1
센트럴,1
제레미,1
뼈국,1
스쿱,1
평형,1
조말,1
론,1
텔레스트,1
번은,1
로딩,1
임오,1
계류,1
딥블루,1
바코드,1
토끼,1
솔티밥,1
염소,1
길손,1
쿠시카츠,1
피플,1
왕새우,1
매달,1
디핑,1
포제,1
전당,1
매집,1
화국,1
물결,1
우에노,1
다용,1
마랑,1
삭슈카,1
하단,1
탭룸,1
차연,1
흘레,1
서시,1
유지,1
볼모,1
가타,1
테르트르,1
이면,1
앤초비,1
알쉬,1
레이지,1
마타,1
비터,1
시안,1
잠도,1
어이없다,1
스피리,1
갈비찜,1
엘리펀트,1
독서,1
뱅쇼,1
버찌,1
배키,1
신,1
크레페,1
앞뒤,1
메로,1
폴렌타,1
고에몬,1
서너,1
문정동,1
짐,1
나나,1
로럴,1
라파,1
수분,1
착,1
편백,1
익,1
배꼽,1
듀윗,1
무제한,1
바쿠,1
자부심,1
슈슈덮밥,1
금남,1
몬,1
잠시,1
있는뎃,1
말벡,1
챱,1
부족함,1
쓸모,1
로벨,1
조악하다,1
이동해,1
한스,1
신림,1
의왕,1
유로,1
어슬,1
누바,1
물만두,1
브레핀,1
벨기에,1
가제,1
살집,1
양인,1
베트,1
붓카케,1
타키,1
함정,1
안남,1
동업,1
점심시간,1
오랑,1
깍두기,1
쇼크,1
필렛,1
쌍문,1
시집,1
인더스,1
중림,1
애프터눈,1
다이닝/라이프,1
스끼,1
창틀,1
소가,1
스터피,1
표현,1
술찜,1
아포,1
칙스,1
토우,1
임팩트,1
엊그제,1
어플,1
아꼬,1
투리,1
빅픽쳐,1
감자전,1
다낭,1
헤일로,1
하리,1
한국에서의,1
예체능,1
설레다,1
라슨,1
콘서트,1
찜질방,1
하임,1
남촌,1
온정,1
바오밥,1
적금,1
공,1
자식,1
아뻬,1
다희,1
탐광,1
신포시,1
리움,1
트레일,1
르부,1
도지,1
멜라,1
리포솜,1
서머빌,1
아카이브,1
가네샤,1
위아래,1
서울숲,1
우남,1
병맥,1
온두라스,1
숯,1
방이동,1
엉퀴,1
만해,1
일링,1
라콩비에트,1
발디솔레,1
토너,1
위스퍼,1
멘츠유,1
덕분,1
호머,1
끄,1
햄버거,1
서버,1
트러스트,1
통로,1
조그마하다,1
하층,1
임상현,1
링룸,1
활발하다,1
보모,1
동해,1
스리랑카,1
차량,1
글램,1
관계자,1
에피소드,1
구도,1
작동,1
쥬르,1
목테일,1
코롬,1
프로필,1
연필,1
티핑,1
리타,1
더케,1
보너스,1
쁘리또,1
킴,1
인수,1
인천공항,1
사돈,1
일송,1
잠옷,1
떡집,1
경복,1
슬프다,1
세로,1
든든하다,1
본능,1
뮤즈,1
카오팟무,1
기러기,1
미묘,1
동화,1
데시벨,1
깡패,1
잭슨,1
사진가,1
태호,1
기온,1
웨스트우드,1
컨디셔너,1
커피가게,1
체코,1
스티븐,1
채리엇,1
반월,1
오묘하다,1
플레눼,1
차림,1
넨,1
쥴리아,1
철학자,1
레티놀,1
유장,1
크로네,1
청진,1
복원,1
취준,1
장금,1
은마,1
꾸잉,1
소설,1
프로페셔널,1
디떼,1
보완,1
프론트,1
다이렉트,1
최욱경,1
뿌,1
접착,1
산물,1
한복,1
바울,1
듬뿍,1
감기,1
소름,1
칼발,1
할아버지,1
포숑,1
손탁,1
앳웍스,1
탐앤탐스,1
간지,1
스모,1
문래,1
단맛,1
도착,1
부어,1
형훈,1
사잔,1
마티,1
토포스,1
컴백,1
피버,1
콘마,1
베개,1
뾰루,1
반쪽,1
잎,1
스코프,1
빅토리,1
노티,1
빠넬로,1
황태,1
중인,1
인덕,1
겟올라잇팀,1
노말,1
퐆,1
정현,1
수고,1
사랑방,1
풍천,1
우메다,1
힐리,1
메종드파팡,1
케이트,1
탁하다,1
-,1
포메라니안,1
나리,1
풍력,1
평균율,1
전형,1
도가니,1
인왕산,1
반비,1
릴랙싱,1
이동,1
폴리오,1
부쿠,1
인피니티,1
북항회,1
피콜로,1
스윈튼,1
볼프강,1
회복,1
아킬레스,1
유리잔,1
스드,1
사본,1
우리동네,1
플랏,1
커피샵,1
평온,1
토막,1
해비탯,1
콕,1
피아노,1
힙하,1
옥션,1
냉채,1
북일면,1
벽난로,1
클림트,1
치앙마이,1
샘물,1
쳐피딕,1
제약,1
바닥,1
워커,1
수연산방,1
회기,1
김초밥,1
연탄,1
리저,1
공책,1
카페인,1
아주머니,1
꺄바,1
오밀조밀,1
텐푸,1
쯔란,1
여섯시,1
야근,1
샤브찜,1
카시스,1
드립커피,1
모티브,1
하와이,1
쥴리,1
민음사,1
천재,1
체어,1
드롭,1
워킹,1
1주차,1
닥터마틴,1
부민,1
도루묵,1
옥동,1
타쿠미,1
시조새,1
조만간,1
빅라이츠,1
이타카,1
타협,1
금강송,1
아르떼,1
미드타운,1
갈라,1
벙개,1
난무,1
쌍둥이,1
파르크,1
찬팅,1
빠넬,1
만반,1
또레,1
꼰낄리,1
스끼야끼,1
국빈,1
동화약품,1
오르페오,1
장안동,1
로쿄,1
연화,1
웨이브,1
미영,1
에이스,1
무료,1
궁극,1
알렉산드르,1
노예,1
나혼산,1
당면,1
국립서울현충원,1
위례,1
다인,1
타네,1
너리,1
사진책,1
퀴진라끌레,1
남부,1
불구,1
농축,1
마초,1
곡물,1
브릭스,1
양산,1
내면,1
푸글렌,1
요한,1
모스크바,1
필러,1
잣,1
록,1
당장,1
흥부전,1
청구,1
남포면,1
북성로,1
테카,1
어부,1
페트롤,1
린다,1
김포,1
와리,1
절대로,1
터프,1
가라지,1
스미레,1
리코,1
베스,1
완벽하다,1
메렌게,1
쉘부르,1
미치코,1
씰리,1
삭스,1
이의,1
르솔,1
크렘당쥬,1
볼바,1
송민호,1
플랫랜드,1
스니퍼,1
위층,1
선셋,1
강변,1
쭉,1
버트,1
정재용,1
호승,1
참스워크,1
향신료,1
아기,1
빕스,1
쟈스민,1
비원,1
숙수,1
군집,1
도감,1
탐정,1
미지수,1
어마,1
한국판,1
세계,1
어딕티브,1
풍년,1
하코네,1
지라시,1
원풍,1
이불,1
바밤,1
마말레이드,1
문제,1
리차드,1
새참,1
핸즈,1
풍년제,1
하교,1
시기,1
폴바,1
투숙,1
아침식사,1
진토닉,1
관람,1
샤를,1
그라프,1
파스트라미,1
싫어하다,1
이성당,1
반함,1
사물,1
불타다,1
반창고,1
소개팅,1
니은,1
오디세이,1
엘르,1
가산,1
시암,1
댈러스,1
번역가,1
피몽쉐,1
꼬냑,1
불로,1
캐논,1
일월,1
핀바,1
불광,1
자메이카,1
루이보스,1
중학교,1
태닝,1
장화,1
수빈,1
온면,1
강렬하다,1
미즈,1
공작,1
하쿠시,1
부타니쿠,1
청미,1
태바,1
식스,1
김연,1
선풍기,1
유화,1
소금물,1
차완무시,1
관심사,1
향상,1
넌,1
내용물,1
존맛,1
후니,1
그레고리,1
멜팅팟,1
유달산,1
카시,1
맛임,1
신선도,1
포크댄스,1
세라,1
용도,1
방향,1
연고,1
맥스,1
헹궈,1
석류,1
테트라,1
악보,1
프로그램,1
솥,1
화면,1
밈,1
다다,1
피에트,1
미네르바,1
바리,1
밤부,1
반값,1
커드,1
보일러,1
소요,1
규칙,1
현란하다,1
네그로,1
멀웨어,1
앤힐,1
느릿,1
퍼프스,1
런닝,1
잘라내기,1
자제,1
놀부,1
국집,1
반조,1
베이컨시,1
큐어,1
비옥,1
문라이즈,1
루뽀,1
그랜트,1
엘쁠라또,1
이엄,1
브래드,1
세꼬시,1
더부,1
김성모,1
찬찬하다,1
점보,1
아토,1
스릴러,1
홀린,1
동물복지,1
디자이너,1
보급,1
마루이,1
2021	곳,1
식욕억제제,1
로너,1
넴,1
미나리,1
바랗,1
마롱,1
초점,1
퀴바,1
비리,1
봉산,1
플랜,1
몽슈슈,1
입문,1
티켓,1
카르텔,1
시나몬,1
찌리,1
타일랜드,1
배전,1
해버리기	의,1
엠빠나다,1
서지,1
로스트비프,1
재삐,1
돈텔,1
윤슬,1
스푸닝,1
원주,1
술안주,1
퇴사,1
운동화,1
이차,1
미세먼지,1
강력,1
심심,1
운동,1
대패,1
페름,1
앵글,1
울림,1
투닥투닥,1
뮤땅,1
츠바사,1
불공,1
흔적,1
하레,1
각종,1
경기도,1
동명,1
다산,1
우디앨런,1
눅스,1
카포네,1
비닐,1
닥마,1
팝,1
공릉동,1
안성,1
핏,1
달롤,1
특이하다,1
파김치,1
유사하다,1
쇼토,1
보양식,1
명랑,1
응암동,1
시설,1
돌담,1
수국,1
점말,1
범일동,1
디아,1
단테,1
햇,1
도비,1
애매하다,1
골방집,1
코엑스몰,1
몸국,1
육아,1
사거리,1
샘킴,1
사인,1
이종국,1
아리아,1
키라,1
가지산,1
수서,1
배서,1
클라라,1
말죽,1
국립공원,1
카톨릭,1
팬티,1
연속,1
병천,1
아카데미,1
은밀,1
삼거리,1
멸,1
운정,1
매점,1
보타,1
몬드리안,1
소개,1
육미,1
앙,1
사구,1
수리,1
옥펜션,1
노찌,1
우주복,1
다마,1
카디널,1
선크림,1
례,1
미원,1
뿌옇다,1
앙증맞다,1
반석,1
학기,1
종로구,1
반주,1
데비,1
이인,1
트롤리,1
팔월,1
물씬,1
금태,1
짝,1
입장료,1
토론토,1
머릿결,1
자리야,1
위해,1
깜짝,1
갈현동,1
콘바,1
에뚜왈,1
알키,1
고함,1
육식,1
텐쇼,1
김태홍,1
크럼,1
판차넬,1
바카라,1
골막,1
연천,1
냐짱,1
개방,1
파울로,1
로봇,1
듀크,1
동창,1
중랑,1
간사이,1
불초,1
경기,1
룩북,1
꼽,1
건강하다,1
말레이,1
국도,1
사교,1
레브온더힐,1
야사,1
막창,1
마틸다,1
마르,1
가루비,1
호이안,1
소공녀,1
피캠,1
프말,1
추얼,1
프라그,1
쏠쏠하다,1
웃음,1
청량리,1
카무쇼,1
은교,1
필라델피아,1
예천,1
향토음식,1
"보틀",1
선글라스,1
초코쿠키,1
연주,1
콘파냐,1
소코,1
청량하다,1
쥬안,1
선생,1
하세가와,1
소피텔,1
포틀랜드,1
홉스,1
슬립,1
드러머,1
파베,1
레고르,1
합정동,1
판체,1
모리,1
라오,1
실수,1
콜드브류,1
깜빠뉴,1
대체로,1
울릉,1
더레퍼런스,1
방이,1
윤형근,1
마석,1
쇼디치,1
덜,1
얼큰하다,1
변덕쟁이,1
굳이,1
뺑,1
힌남노,1
호아드,1
파브,1
르캬바레,1
오버웰밍,1
헤이리,1
포식,1
양주,1
부띠,1
면도날,1
브로콜리,1
뭐시기,1
타우,1
개화,1
기치조지,1
테르,1
란주,1
목삼,1
히레,1
취하,1
빨빠르델레,1
신숙,1
만큼,1
청평,1
라롱드꺄레,1
이천,1
미키,1
모딜리아니,1
헤세,1
사소하다,1
생리대,1
슬리피,1
양조,1
이쁜이,1
오디션,1
무드등,1
가다가,1
카톡,1
석계역,1
참숯,1
남매,1
듁스,1
신기루,1
노가리,1
콰이어트,1
갈릴리,1
카펜터스,1
쇼기,1
타스,1
빠짝,1
이박사,1
타워,1
신사유람단,1
해천,1
위키드,1
의문,1
낭낭,1
뺑드,1
컨펙션,1
다니엘,1
기념,1
자스민,1
건준,1
큐피,1
순서,1
파자마,1
마침,1
무심하다,1
감상,1
붙이,1
수가,1
나띠,1
미팅,1
프랄린,1
포자,1
마또,1
만족스럽다,1
트래픽,1
도전,1
시체,1
오동도,1
프리랜서,1
가솔린,1
전준호,1
도프,1
차롱,1
토투,1
다비,1
스니커즈,1
꽃나무,1
존버하,1
출시,1
온갖,1
아누,1
멘슬,1
스터핑,1
듀,1
뉴발,1
디엠,1
에그인헬,1
클로스,1
팟씨유,1
선명,1
남방,1
닙스,1
인전,1
로열,1
복싱,1
골뱅이,1
뜨리빠,1
르메르디앙,1
텐카이,1
쯔,1
멘탈,1
리점,1
크리스탈,1
체질,1
청정,1
투하,1
벌,1
밴드,1
길고양이,1
프레즐,1
주꾸미,1
월화,1
커피집,1
즌,1
부담스럽다,1
애정,1
도깨비,1
두텁다,1
짜조,1
아사히,1
투머트,1
플라스크,1
돌바,1
오어,1
토산,1
그리폰,1
핑복,1
요리법,1
냉큼,1
다이키,1
간호사,1
누끼,1
보호,1
식판,1
정릉,1
산정,1
정점,1
이화여대,1
즈칸,1
다락방,1
파파,1
텐까,1
카미,1
스파클링,1
제노,1
김장,1
외부,1
항정,1
정선,1
석주,1
데스,1
부착,1
군용,1
페타,1
셔벗,1
유일하다,1
게레로,1
글레이,1
무진,1
아기자기하다,1
아보카,1
이시이,1
꼬에모,1
김태윤,1
북경오리,1
가미,1
웨이즈,1
부럽다,1
조리법,1
호시노,1
키즈,1
냉침,1
트러스,1
짭쪼름,1
끽,1
클라레,1
찾을런,1
모멘트,1
마디,1
더문,1
상대,1
코테,1
농어,1
퍼포먼스,1
달달,1
롯폰기,1
앙트,1
김금희,1
포스터,1
상의,1
푹,1
종명,1
부지,1
삼계탕,1
꽃술,1
바코,1
전어,1
헤븐,1
구호,1
거미,1
위염,1
키르,1
케샤,1
킹스,1
슬링,1
매트,1
한강진역,1
쿤더샵,1
토니,1
김군,1
솔지,1
뼈,1
섭취,1
풍족,1
람,1
할라피뇨,1
땡큐,1
팥,1
마츠토,1
차맛,1
서재,1
전기차,1
홀리,1
한국인,1
프린팅,1
트레이닝,1
뮈,1
보라,1
로빈,1
수도권,1
버정,1
써밋,1
머블,1
일주일,1
신승환,1
훌,1
영영,1
들깨,1
퍼펙트,1
블레스,1
콘란샵,1
컨템프러리,1
저널리즘,1
서희원,1
클렌징,1
꼼데가르송,1
뤼,1
누나,1
아울렛,1
박재범,1
스쿱스,1
미츠,1
주간,1
형식,1
아수라,1
여자친구,1
버라이어티,1
다페,1
박상준,1
정신차리다,1
엑스포,1
드라제,1
주방용품,1
피아,1
호버,1
포켓,1
솔티드,1
칼집,1
부모님,1
인형,1
독방,1
어비스,1
콩밭,1
농원,1
지긋지긋하다,1
가원,1
상도,1
동빙고,1
이십사절기,1
팁시,1
고정,1
나트,1
빈터,1
비아,1
아르코,1
이월,1
그간,1
포잉,1
이음,1
펜티,1
센텔,1
몽클레어,1
게임,1
상추,1
유부,1
입소,1
활어회,1
발산,1
길점,1
몀란,1
베르나,1
취했다,1
무사,1
닭굴,1
구절판,1
하츠,1
산방산,1
빈센드누,1
개봉,1
팔찌,1
큐민,1
가수,1
자잘하다,1
맥북,1
면봉,1
혈관,1
와중,1
대리,1
종암동,1
병과,1
지엠,1
몰리,1
녹두,1
페페로니,1
란마,1
진국수,1
가세,1
부산집,1
복병,1
활기차다,1
스트레이트,1
뎃판야끼,1
미주리,1
감탄사,1
쿄칸,1
조그만,1
팝콘,1
마케터스,1
산양,1
템퍼,1
카펠리니,1
삼치,1
강남구청역,1
반룡,1
돈육,1
몰티드,1
처가,1
모나카,1
물컹하다,1
표고버섯,1
엘따뻬오,1
상소,1
양산박,1
라쿠,1
생꿀,1
헷세드,1
비스타,1
부순,1
먼지,1
정류장,1
깜언,1
아야,1
아아,1
해브,1
한적하다,1
지난,1
드렁크,1
세련되다,1
홍현우,1
날치,1
병어,1
네임드,1
웅웅,1
쓰레기,1
실험,1
카라반,1
아사카,1
함박,1
다스,1
이단,1
빠꾸먹,1
이잌,1
우거지,1
석화,1
브루스케타,1
예술,1
유람선,1
비호,1
시드니,1
에비스,1
취사,1
말르다,1
정복,1
가전제품,1
뱀프,1
세제,1
식품,1
"5주차,",1
멕시코,1
안이,1
지면,1
광흥창,1
탱탱하다,1
르꼬숑,1
맞이,1
최상,1
몽리,1
만족도,1
휘황,1
콜렉션,1
쉐라톤,1
알바,1
관찰자,1
무이네,1
바슈,1
섬유,1
구찌,1
밑창,1
장면,1
사철탕,1
곰국,1
펠앤콜,1
링고,1
렉토,1
썸머,1
신수동,1
슬러시,1
개인화,1
유린,1
대체,1
라스트,1
텐,1
수요,1
도다리,1
그랜드,1
조치원,1
에스원,1
수당,1
리솜,1
중화권,1
쿤카,1
리얼리티,1
탁상,1
페,1
명품,1
투맨,1
말돈,1
"이다
교환학생",1
야망,1
표표,1
웬디,1
해롭다,1
바통,1
미수,1
가담,1
피치,1
무태장어,1
우파,1
키겐,1
스바,1
홍연,1
촌닭,1
한치,1
비누거품,1
황혼,1
인티,1
비커,1
영통,1
큰손,1
재개발,1
발렁스,1
용금옥,1
공업,1
업스테,1
힛,1
카우보이,1
몬테스,1
칸틴,1
꿍딸레,1
체리블로썸,1
치맛살,1
몬테,1
이화,1
쿠치,1
라마,1
로얄,1
빙그레,1
텍트,1
린보,1
채운,1
거지,1
샹볼뮈지,1
블랙홀,1
리얼,1
회집,1
조개찜,1
텍사스,1
양보,1
흘,1
사직동,1
절,1
트위스트,1
조각보,1
르베지왕,1
스카이,1
연잎밥,1
탐라,1
코펜하겐,1
클레,1
레모즙,1
전자레인지,1
그동안,1
스띵,1
비스,1
효도,1
꽈리,1
