url,title
https://blog.naver.com/hayanwh/223124310975,한남동 맛집 핫플 보닐라츄러스 (feat. 초코딥 추천!!)
https://blog.naver.com/sua4111/223211149261,"한남동 카페, 보닐라츄러스 한남점 (웨이팅, 메뉴)"
https://blog.naver.com/bitna3434/223077746133,2304014_한남동 데이트 :: 보닐라츄러스 한남동 맛집 탐방기
https://blog.naver.com/samja0122/223096371145,"한남동 카페 보닐라츄러스 웨이팅, 포장, 주차 후기"
https://blog.naver.com/ok_hi/223052834063,한남동 보닐라츄러스 평일 웨이팅 혼자 오픈런 후기
https://blog.naver.com/hellenpark1/223185784446,"한남동 보닐라츄러스 주말 웨이팅, 메뉴 추천"
https://blog.naver.com/uuurrraaa/223060906995,한남동 보닐라츄러스
https://blog.naver.com/hwung_travel/223246731870,"한남동 데이트 코스 추천 카페 ""보닐라츄러스"" 음.. 두 번은 안..."
https://blog.naver.com/dprth3550/223277894166,한남동카페 보닐라츄러스 한남점 평일웨이팅 솔직후기
https://blog.naver.com/chlaudrlf91/223133120670,한남동 핫플 보닐라츄러스 카페 주말 웨이팅 솔직후기
https://blog.naver.com/yahnara/223265438551,한남동 카페 보닐라츄러스 한남점 웨이팅하는 츄러스 맛집 주차
https://blog.naver.com/dubong_e/223060322457,[한남동] 보닐라츄러스 : 웨이팅 및 포장
https://blog.naver.com/tnr6343/223212727649,"한남동 카페 보닐라츄러스 한남점 평일 웨이팅, 메뉴 추천 ♥"
https://blog.naver.com/ssuuuhh/223203477042,한남동 카페 _ 보닐라츄러스
https://blog.naver.com/cafexstone/223275133317,보닐라츄러스 한남점 : 한남동 스페인 츄러스 홀 웨이팅 방법...
https://blog.naver.com/thdwldud17/223048977668,가오픈 카페 한남동 보닐라츄러스 웨이팅 주말 오픈런
https://blog.naver.com/wjdyj1457/223253033997,한남동 디저트 한강진역 보닐라츄러스 웨이팅 메뉴
https://blog.naver.com/na_zizcoo/223119606061,한남동 보닐라츄러스 주말 테이크아웃 웨이팅 60분!
https://blog.naver.com/kimhuya_/223129175230,이태원 한남동 보닐라츄러스 감자칩 츄러스 평일웨이팅
https://blog.naver.com/isthisheaven/223232855380,한남동 핫플 츄로스 카페 보닐라츄러스 감자칩 굿!!
https://blog.naver.com/mmj_b/223098343821,"한남동, 보닐라츄러스 한남점 (한남동 신상 핫플 웨이팅 후기)"
https://blog.naver.com/jw_kgood/223273579070,[이태원 맛집] 한남동 디저트 맛집 보닐라츄러스 주말 오픈런...
https://blog.naver.com/dal831/223271267619,[서울/한남동] 보닐라츄러스 : 핫플 츄러스 감자칩 카페 웨이팅
https://blog.naver.com/7_uly/223094703914,"한남동 보닐라츄러스, 주말 오픈런 자세한 웨이팅 시간 및 포장..."
https://blog.naver.com/sul_heeee/223233444165,한남동 카페 보닐라츄러스 주말 포장 웨이팅 후기
https://blog.naver.com/rlfhrdyd1212/223256454527,한남동 카페ㅣ보닐라츄러스ㅣ평일 오후 웨이팅 상황
https://blog.naver.com/killshine/223154476008,아시아 최초 오픈 한남동 보닐라츄러스 디저트 맛집 완전 강추...
https://blog.naver.com/icehk99/223168874933,보닐라츄러스 한남동 카페 츄로스 맛집
https://blog.naver.com/yumi9271/223193084796,서울 한남동 카페 / 기생충에... 브랜드 ‘보닐라츄러스’ 평일...
https://blog.naver.com/bright_gem_2020/223226491320,이태원 한남동 카페_@보닐라츄러스 한남점 딥 초콜릿 츄러스...
https://blog.naver.com/sareum_/223263021414,"한강진역 카페_보닐라츄러스/츄러스맛집,핫한카페,한남동카페"
https://blog.naver.com/alicia3_1/223212678263,[한남동] 한남동 카페 '보닐라츄러스 한남점'
https://blog.naver.com/mingming__135/223124282269,[한남동] 보닐라츄러스 한남점 주말웨이팅 시간
https://blog.naver.com/jayp36/223226941234,보닐라츄러스 (한남동 맛집)
https://blog.naver.com/hao0231001/223111927085,한남동 츄러스 맛집 보닐라츄러스 Bonilla a la vista
https://blog.naver.com/keira000/223235167315,한남동 스페인츄러스 보닐라츄러스 (평일낮웨이팅)
https://blog.naver.com/m_m1018/223035380229,[츄러스/트러플츄러스/한남동] 보닐라츄러스
https://blog.naver.com/wjdalsektmf/223187665550,"스페인츄러스 한남동 보닐라츄러스 방문 후기, 평일 웨이팅..."
https://blog.naver.com/yangyammm/223115729295,[한남]한남동맛집/ 츄러스맛집/ 보닐라츄러스 다녀왔어요 :)
https://blog.naver.com/ieeve_/223053858829,한남동 | 보닐라츄러스 한남 주말 오픈런
https://blog.naver.com/nayoung_prk/223258344856,한남동 디저트 보닐라츄러스 (주말 웨이팅)
https://blog.naver.com/yo_2007/223100126326,[한남동 맛집/카페] 부자피자 & 보닐라츄러스 (ft.웨이팅 꿀팁)
https://blog.naver.com/projsh77/223170772920,[서울 한남동 카페] 보닐라츄러스 - 최근 먹은 츄러스 중에...
https://blog.naver.com/hiya0217/223216265804,"한남동 카페, 보닐라츄러스 한남점 주말 웨이팅, 솔직후기"
https://blog.naver.com/whgodghk/223129918074,한남동 보닐라츄러스 평일... 없는 시간대 방문 후기ㅣ한남동카페
https://blog.naver.com/rlatjs911/223219350914,[보닐라츄러스 한남점] 한남동 카페 / 웨이팅 후기 & 메뉴 안내
https://blog.naver.com/yps87/223259382831,한남동 카페 보닐라츄러스 내돈내산 가격 및 후기
https://blog.naver.com/no921124/223157985530,한남동 핫플 맛집 : 보닐라츄러스
https://blog.naver.com/haesoo3425/223174712552,"한남동 핫플:) 디저트 맛집, 보닐라츄러스"
https://blog.naver.com/yebinnoh/223040131285,[서울 한남동] 보닐라츄러스
https://blog.naver.com/hjj102/223075793550,한남동 지금 가장 핫플인 보닐라츄러스 웨이팅 포장추천
https://blog.naver.com/kyungah1221/223041958758,요즘 가장 핫한 츄러스 맛집 한남동 보닐라츄러스
https://blog.naver.com/star7174/223193803763,한남동 츄러스 맛집 한강진역 핫플 추러스 : 보닐라츄러스 한남점
https://blog.naver.com/slffmq/223238367192,[보닐라츄러스] 한남동 츄러스 카페 솔직 후기 (웨이팅 및 메뉴...
https://blog.naver.com/sunnyasz94/223220206816,한남동 스페인 추로스 맛집 보닐라츄러스
https://blog.naver.com/dpwl0945/223220621457,"한남동 핫플 카페, 보닐라츄러스 한남점 (웨이팅, 메뉴)"
https://blog.naver.com/sikhyeddabong/223235828904,한남동 카페 보닐라츄러스 주말 웨이팅 후기
https://blog.naver.com/natsuwan/223197072800,담백 바삭한 츄러스가 있는 한남동 @보닐라츄러스
https://blog.naver.com/tldrld93/223078422063,"한남동 핫플 보닐라츄러스 평일 웨이팅, 솔직 후기"
https://blog.naver.com/nana452/223254223160,보닐라츄러스 메뉴 한남동 맛집 이태원 딥초콜릿츄러스 추천
https://blog.naver.com/yoondh613/223157642626,한남동 ‘보닐라츄러스’ 내돈내산 솔직후기!
https://blog.naver.com/098pp/223205601227,한남동 맛집 핫플/츄러스 맛집 '보닐라츄러스'
https://blog.naver.com/friedegg818/223277312633,한남동 디저트 보닐라츄러스
https://blog.naver.com/mungtymom0614/223264386573,[보닐라츄러스 한남] 한남동 카페 데이트
https://blog.naver.com/supaaaa/223086753449,한남동 브런치 “썸머레인” 나리의집 오월의종 보닐라츄러스
https://blog.naver.com/lizie0515/223270743098,인생츄러스 한남동 디저트 맛집 보닐라츄러스(+애견동반 가능)
https://blog.naver.com/hyunmimilk/223139625310,이태원 한남동 보닐라츄러스 감자칩 주말 오픈런
https://blog.naver.com/dpfls080/223229192705,그 유명한 한남동 디저트 주말 웨이팅 [보닐라츄러스 한남점]
https://blog.naver.com/dogee_/223224082832,"한남동 츄러스 맛집, 보닐라츄러스 한남점"
https://blog.naver.com/riko_5/223231272384,[한남동 카페] 스페인식 츄러스 맛집 '보닐라츄러스 한남'
https://blog.naver.com/amlee74/223155066162,한남동 핫플 데이트 비오는날 보닐라츄러스 아키비스트 카페
https://blog.naver.com/tpdnjs8211/223201278688,[서울/한남동] 스페인식 츄러스 & 감자칩 “보닐라츄러스 한남점”
https://blog.naver.com/dhtmdtjr2/223191759961,이태원맛집 한남동맛집 보닐라츄러스
https://blog.naver.com/reruns_/223272215170,"[서울/한남동] 한강진역 핫플 츄러스 맛집 추천, 보닐라츄러스"
https://blog.naver.com/jjangnabi-/223210771587,"한남동 마지셔우드, 이솝, 보닐라츄러스, 아벡쉐리, 마일스톤커피"
https://blog.naver.com/nossuny/223236837812,"한남동 ) 라페름 , 타브 , 보닐라츄러스"
https://blog.naver.com/arim_s2/223168946231,한강진역/한남동 보닐라츄러스 : 평일 웨이팅 10분 후기
https://blog.naver.com/dudwn9699/223233518008,"한강진,한남동 :: 보닐라츄러스"
https://blog.naver.com/hyun12_19/223083816544,한남동 보닐라츄러스 신상 핫플 메뉴 주말 웨이팅 후기
https://blog.naver.com/seol_jjoo_/223221555749,[한남동 핫플] “보닐라츄러스 한남점”
https://blog.naver.com/marin35/223075770540,한남동 핫플레이스 보닐라츄러스 방문 후기(웨이팅 및 포장)
https://blog.naver.com/song-0801_/223093117739,서울 한남동: 보닐라츄러스 테이크아웃 내돈내산
https://blog.naver.com/sunae8282/223145007995,한남동 핫플 카페 안가면 섭섭한 보닐라츄러스
https://blog.naver.com/tbtb1106/223078292767,한남동 :: 보닐라츄러스 한남점 웨이팅 및 포장
https://blog.naver.com/trueyjkr/223234565428,보닐라츄러스 한남점 한남동데이트 한남동츄러스 한남동디저트...
https://blog.naver.com/zlxl0001/223114545213,"한남동 카페 보닐라츄러스 한남점 (웨이팅, 자리)"
https://blog.naver.com/gaemny/223170921286,한남동 핫플 보닐라츄러스
https://blog.naver.com/filmh_h/223226848886,보닐라츄러스 | 한남동 맛집 | 한남동 카페 내돈내산 후기
https://blog.naver.com/jammy_zip/223234503148,"한남동 보닐라츄러스 내돈내산 (평일 웨이팅, 주차, 메뉴 추천)"
https://blog.naver.com/jaelomon87/223190744763,한남동 디저트 보닐라츄러스 나도 먹어봤다 평일 저녁 방문후기
https://blog.naver.com/wooki-/223268912781,[서울특별시/용산구/한남동]... 보닐라츄러스한남점 / 타낫한남...
https://blog.naver.com/yhkim5616lmy/223205420523,"한남동 맛집, 카페 추천: 멘멘츠케멘, 보닐라츄러스, 마일스톤..."
https://blog.naver.com/puri3210/223102513650,한남동 보닐라츄러스 : 주말웨이팅포장 후기 오픈런
https://blog.naver.com/sooin_n/223145493255,평일연차쓰고 츄러스 먹으러간 후기 / 한남동 보닐라츄러스...
https://blog.naver.com/shopemons/223227355340,"한남동데이트, 한남동카페거리 보닐라츄러스에 다녀왔어요"
https://blog.naver.com/hyunyoung1019/223188483681,한남동 이태원 카페 @ 보닐라츄러스 한남점 / 핫플 츄러스 맛보기
https://blog.naver.com/kattun74/223059952019,"한남동 신상카페, 보닐라츄러스 한남점 (오픈런후기, 웨이팅..."
https://blog.naver.com/minibbang2/223263141038,"한남동 보닐라츄러스 솔직 후기, 비추천 이유"
https://blog.naver.com/blossomjinn/223138270938,한남 보닐라츄러스 : 한남동 핫플 츄러스 카페 리얼후기 꿀팁...
https://blog.naver.com/cjstkemfahdl/223238715885,한남동 카페 : 보닐라츄러스 한남점 주말 웨이팅 매장에서먹기
https://blog.naver.com/eatbuyeverything/223131690126,한남동 맛집 보닐라츄러스 주말 웨이팅 메뉴 솔직후기
https://blog.naver.com/yout1025/223189068872,한남동에서 휴135와 보닐라츄러스 방문
https://blog.naver.com/thwjd1343/223154166462,"[한남동 카페/보닐라츄러스] 바삭한 츄러스 맛집, 주말 웨이팅"
https://blog.naver.com/wldbsckato/223094939849,한남동 핫플 : 보닐라츄러스 테이블링 웨이팅 및 방문후기
https://blog.naver.com/thescentofrose/223144906054,"한남동 핫플레이스 보닐라츄러스, 평일에도 웨이팅 필수인..."
https://blog.naver.com/jd5080/223274815583,서울/용산구-평일 웨이팅 없었던 핫플카페 한남동 보닐라츄러스...
https://blog.naver.com/victory2929/223153471565,[한남동] 보닐라츄러스(bonilla a la vista)
https://blog.naver.com/jimin4008/223153264847,"[한남] 한남동 핫플 보닐라츄러스 주말 웨이팅, 메뉴, 솔직후기..."
https://blog.naver.com/khh920114/223270277900,한남동 추천카페 : 보닐라츄러스: Bonilla churros
https://blog.naver.com/jge1206/223168833364,서울 한남동 츄러스카페[보닐라츄러스]평일 웨이팅과 솔직후기
https://blog.naver.com/mable_xo/223274694101,한남동 카페 보닐라츄러스 평일방문 (feat. 초코생크림)
https://blog.naver.com/tbtb1106/223169575278,한남동 웨이팅있는 츄러스 맛집 보닐라츄러스 재방문 후기
https://blog.naver.com/haeji22/223076016174,[용산구_한남동 맛집] 보닐라츄러스 (Bonilla a la vista)...
https://blog.naver.com/jinzzalo88/223062053008,한남동 보닐라츄러스 주말 오픈런 후기
https://blog.naver.com/dan9199/223083876110,한남동 카페 보닐라츄러스 / 모든 것은 스페인에서부터
https://blog.naver.com/ekdo7221/223172140061,한남동 카페 '보닐라츄러스'
https://blog.naver.com/frends21/223064657211,한남동 보닐라츄러스 솔직한 맛평가 오픈런 평일 웨이팅 후기...
https://blog.naver.com/franc3_67/223206864601,옳지 한남동에서도 옳다 [서울디저트카페/보닐라츄러스 한남]
https://blog.naver.com/kangeunjeu/223107348978,한남동 카페 막 먹어야 제맛 한시간 기다린 보닐라츄러스 한남점
https://blog.naver.com/kimsb0714/223259538949,한남동 보닐라츄러스 | 주말 웨이팅
https://blog.naver.com/amlee74/223040606484,서울 핫플 보닐라츄러스 한남동 데이트 웨이팅꿀팁 주차
https://blog.naver.com/midsummeryaho/223276712700,"한남동 쇼룸투어 : 무브먼트랩... 하하우스, 보닐라츄러스"
https://blog.naver.com/naruragu/223232563230,한남동 카페 / 츄러스 맛집 : 보닐라츄러스 한남점 (주말 웨이팅...
https://blog.naver.com/firstkokkiri/223061409021,[서울] 보닐라츄러스 한남점 - 용산 한남동 한강진역 스페인...
https://blog.naver.com/db9618/223188036542,[한남동카페] 보닐라츄러스 찍고 맥코이 라떼 호록
https://blog.naver.com/ssalnim/223086040525,"한남동 핫플, 보닐라츄러스 한남점"
https://blog.naver.com/godyeonn/223057598730,[서울/한남동] 웨이팅 993번째였던 '보닐라츄러스' 후기...
https://blog.naver.com/andreasdg/223175593792,"[한남동]내가 먹던 츄러스는 아닌데 존맛탱이네.. ""보닐라츄러스"""
https://blog.naver.com/gywls8974/223107271875,"이태원, 한남동 카페 :: 보닐라츄러스 한남점"
https://blog.naver.com/yamminami/223198844761,[한남동] 사람은 짱많은데... 아니었던 보닐라츄러스...
https://blog.naver.com/hhrrr___/223049752725,한남동 보닐라츄러스 주말 오픈런 후기&팁
https://blog.naver.com/byolybyoly/223148981706,한남동 카페 한남동 주차 한남동 츄러스 보닐라츄러스 한남점
https://blog.naver.com/milktea0414/223086614187,2023.03 한남동 보닐라츄러스
https://blog.naver.com/prbabe/223243955001,한남동 보닐라츄러스 초코 디핑소스와 함께 먹으면 천국인가요!...
https://blog.naver.com/ekdmstkdl/223250814611,한남동 보닐라츄러스 웨이팅 테이크아웃
https://blog.naver.com/myhji311/223121741733,보닐라츄러스 맛집 핫한 한남동 카페 웨이팅
https://blog.naver.com/y_haneul90/223122912574,서울 한남동 한강진역 카페 '보닐라츄러스 한남점' 바삭함 그...
https://blog.naver.com/yulee6640/223073852694,한남동 카페 보닐라츄러스 평일 웨이팅 없이 맛본 메뉴 솔직후기
https://blog.naver.com/qhal4606/223091706024,[서울] 한남동 데이트 보닐라츄러스 24시뼈다귀감자탕
https://blog.naver.com/gimmatgan/223205445296,한남동 디저트카페 보닐라츄러스 웨이팅 솔직후기
https://blog.naver.com/dapa_ng/223049151776,[한남동] 보닐라츄러스 Bonilla churros 한남점 평일...
https://blog.naver.com/g_hoppers/223134312269,[ 한남동 핫플 맛집 ] 보닐라츄러스 꿀맛!! 웨이팅 필수!!
https://blog.naver.com/jhbwwg1122/223043907479,한남동 카페 [보닐라츄러스]
https://blog.naver.com/sasunnyg1/223167109428,"맛집, 한남동 가볼만한 곳 디저트 웨이팅 맛집 보닐라츄러스"
https://blog.naver.com/dmswnghfaos/223071721679,한남동 핫플 보닐라츄러스 가오픈 평일 웨이팅 포장 후기
https://blog.naver.com/kgh447/223234824942,[한남동 맛집] 커피도 맛있는 보닐라츄러스
https://blog.naver.com/ghrud9024/223053240105,한남동 보닐라츄러스 핫플다운 웨이팅
https://blog.naver.com/yammy2013/223047120514,"한남동 핫한 신상 카페 ‘보닐라츄러스’ 웨이팅, 찐후기"
https://blog.naver.com/powell0501/223119120422,[서울 디저트 맛집]한남동 츄러스 ‘보닐라츄러스’with음료
https://blog.naver.com/hongs2198/223182087857,"서울 한남동 핫플, 보닐라츄러스 찐후기 (딥초코츄러스 강추!!)"
https://blog.naver.com/iwish337/223206048281,한남동 카페 보닐라츄러스 평일 후기
https://blog.naver.com/ka8564/223149053643,한남동 가볼만한곳 보닐라츄러스 캐치테이블로 편안한 웨이팅...
https://blog.naver.com/gwkim21/223136566896,한남동/이태원 카페 | 보닐라츄러스
https://blog.naver.com/jeongni1227/223106056572,한남동 스페인 츄러스 카페 보닐라츄러스 | 평일 웨이팅
https://blog.naver.com/smulsal/223156791717,"한남동 맛집(자리, 패션5, 솔솥, 보닐라츄러스, 아우어베이커리..."
https://blog.naver.com/fromhani/223189827581,한남동디저트맛집 보닐라츄러스 한남점 이태원 후식
https://blog.naver.com/sjejlove04/223043467613,보닐라츄러스 한남동 카페 오픈부터 주말 웨이팅하는 핫플카페
https://blog.naver.com/handori_/223087909532,"[한남동카페] ""보닐라츄러스"" 주말 오픈런 후기"
https://blog.naver.com/li2042il/223152586995,한남동 내돈내산 맛집 추천 - 난포/아벡쉐리/보닐라츄러스...
https://blog.naver.com/lhjsta97/223174270876,"2일 /한남동 쇼룸 투어 (이미스,보닐라츄러스)성수동 팝업투어..."
https://blog.naver.com/chfhd0288/223246629841,한남동 보닐라츄러스 Bonilla churros
https://blog.naver.com/dada-daily/223245375916,"한남동 보닐라츄러스, 한남동 카페, 츄러스맛집 한남동 츄러스"
https://blog.naver.com/esfjbbu/223182427921,"[서울 한남동] 보닐라츄러스 한남점, 주말 웨이팅 및 메뉴..."
https://blog.naver.com/96hansoler/223196099711,"[한남동 빵집] 보닐라츄러스 <겉바속촉 츄러스, 크림 맛집인..."
https://blog.naver.com/wkdzhdto/223063950438,"(한남동 ""보닐라츄러스"") 스페인 츄러스 아시아 최초 매장 오픈..."
https://blog.naver.com/ajung8904/223078094484,한남동 보닐라츄러스 평일 웨이팅 15분 맛있음!
https://blog.naver.com/xxjinyz/223202854711,보닐라츄러스 한남점_ 츄러스 주말 웨이팅성공 한남동핫플
https://blog.naver.com/yangeeo/223156338520,<한남동> 달콤하고 바삭한 맛에... 정통 츄러스 '보닐라츄러스'
https://blog.naver.com/hihihi323/223057528680,한남동 보닐라츄러스 한남점 평일 웨이팅 포장 홀 테이블링...
https://blog.naver.com/hyenju95/223100575227,"한남동 디저트맛집::보닐라츄러스::웨이팅, 캐치테이블예약..."
https://blog.naver.com/chaerongblog/223185842529,[한남동] 보닐라츄러스 한남점 :: 요즘 인싸되기 힘들다
https://blog.naver.com/lepechemignon/223045975239,[서울 한남동] 보닐라츄러스
https://blog.naver.com/ehcyt/223278345900,한남동 나들이 | 라페름 | 보닐라츄러스 | 엔다이브
https://blog.naver.com/giveminbest/223082337288,[한남동 디저트] 스페인 추러스를 맛보다! 보닐라츄러스 한남점...
https://blog.naver.com/soosoojjang/223141683425,♡한남동 핫플 카페 추천 ‘보닐라츄러스’ (+한남동공영주차장...
https://blog.naver.com/o2o4__/223065937467,한남동 보닐라츄러스 핫플 평일 웨이팅 주차 팁!...
https://blog.naver.com/eileen1692/223042357028,한남동 다츠 dotz & 보닐라츄러스 & 베베베
https://blog.naver.com/dhkang2184/223047212554,1호점 한남동 카페거리 보닐라츄러스한남점 주말 토요일...
https://blog.naver.com/okolle/223262568529,[한남동 츄러스] 찐 맛있었던 보닐라츄러스 한남점
https://blog.naver.com/kny8358746/223201704973,한남동 보닐라츄러스 평일 웨이팅 주차 요금 정보
https://blog.naver.com/mou7619/223113082768,"요즘 핫한 한남동 카페, 전시 ; 보닐라츄러스, 리움미술관..."
https://blog.naver.com/gyulran/223107138412,한남동츄러스맛집:보닐라츄러스
https://blog.naver.com/akdnxl/223158603544,"2023 여름날의 한남동 나들이... 한남점, 보닐라츄러스..."
https://blog.naver.com/puupwon/223242901685,서울 한남동 무료주차... 웨이팅 / 보닐라츄러스 재방문 후기
https://blog.naver.com/b_gyuri/223247096348,한남동 [보닐라츄러스] 인생츄러스 종로 [진주회관] 인생 콩국수
https://blog.naver.com/bo1026/223063974502,한남동 핫플 여전한 웨이팅 보닐라츄러스
https://blog.naver.com/ddoggabi/223074134250,"엄마랑 데이트(한남동 보닐라츄러스, 남산타워)"
https://blog.naver.com/hf6335/223142437035,한남동 “보닐라츄러스”
https://blog.naver.com/romasilvia/223044437165,"보닐라츄러스, 어쩌다 방문한 한남동 신상 핫플"
https://blog.naver.com/inusnim/223044588234,"한남동 신상카페, 스페인 정통 보닐라츄러스 Bonilla a..."
https://blog.naver.com/cherixxi/223059823803,한남동카페: 보닐라츄러스 한남점(삼고초려만에 먹음..)
https://blog.naver.com/bbjkt/223219016754,한남동 보닐라츄러스 주말 웨이팅 없이 다녀온 내돈내산 후기
https://blog.naver.com/tnaalsrkd/223227283566,"한남동 | 보닐라츄러스, 5412, 둘 다 가기"
https://blog.naver.com/ari_daily/223175878420,[서울/한남동] 보닐라츄러스 (feat. 스탠딩먹방)
https://blog.naver.com/pupcatx/223228892996,"한남동 줄서는 츄러스 맛집, 보닐라츄러스"
https://blog.naver.com/intheart97/223229982587,서울 한남동 츄러스가 맛있는 카페 보닐라츄러스 메뉴 추천
https://blog.naver.com/hjgo2360/223072571962,한남동 보닐라츄러스 스페인에서 온 츄러스 맛집
https://blog.naver.com/jyoung0405/223197421223,"한남동 카페 추천 - 핫한 보닐라츄러스, 츄러스 카페 후기 ~~"
https://blog.naver.com/jollynene/223080936854,한남동 카페 핫플레이스 / 보닐라츄러스 한남점
https://blog.naver.com/klaviergong11/223088202651,보닐라츄러스 | 한남동에서 맛보는 츄러스
https://blog.naver.com/eel_95/223114469786,이태원/한남동 :: 바삭한 츄러스 맛집 보닐라츄러스! 평일...
https://blog.naver.com/hyeonjul22/223121411020,웨이팅 필수인 이태원 한남동 디저트 맛집 보닐라츄러스
https://blog.naver.com/jj950509/223165342009,한남동 핫플 츄러스 맛집 보닐라츄러스 주말 웨이팅 꿀팁...
https://blog.naver.com/dltmddus032/223185388657,"서울 츄러스 맛집 | 한남동 보닐라츄러스, 압구정 미뉴트 빠삐용..."
https://blog.naver.com/espositive/223114882479,"한남동 카페 보닐라츄러스 - 주말 오픈런, 미뉴트빠삐용 맛 비교..."
https://blog.naver.com/joycham/223041792290,[한남동] 대기없이 맛볼 수 없는 한남동 핫플 보닐라츄러스...
https://blog.naver.com/ppyppy0522/223153382278,"한남동 인스타카페 보닐라츄러스 한남점 (feat.웨이팅,주차장)"
https://blog.naver.com/stunning_hwan/223112271111,[한남동맛집] 츄러스 맛도리 카페 '보닐라츄러스' 솔직후기...
https://blog.naver.com/wlswn5004/223073220581,"용산구]한남동 아시아최초 국내 1호점 카페추천,보닐라츄러스"
https://blog.naver.com/miniee__/223084617600,[한남동/용산] 핫하다 핫해 보닐라츄러스( 한국에서 스페인을...
https://blog.naver.com/matpick_korea/223093568964,한남동 l 보닐라츄러스
https://blog.naver.com/supermoooon/223094577951,[이태원] 서서 먹는 한남동 츄러스 맛집 | 보닐라츄러스 한남점
https://blog.naver.com/linlinlinlin/223096461608,[이태원 카페] 웨이팅 핫플 한남동카페 ‘보닐라츄러스 한남점’
https://blog.naver.com/elrsium/223100462339,한남동 카페 보닐라츄러스 한남점 바삭한 츄러스 오픈 둘째 주...
https://blog.naver.com/iiidea__/223097368679,"한남동 카페ㅣ보닐라츄러스 후기 (웨이팅, 오픈런)"
https://blog.naver.com/archivecookie/223250071578,한남동 츄러스 맛집 보닐라츄러스
https://blog.naver.com/monicakonomi/223189105307,[ 한남동] 보닐라츄러스 한강진역 츄러스카페
https://blog.naver.com/iamprimavera/223074408782,한남동 보닐라츄러스
https://blog.naver.com/sykim4603/223068013435,"3월2째주_보닐라츄러스, 마리떼 프랑스와저버,한남동나들이..."
https://blog.naver.com/hope_ang2/223044512712,용산 한남동 보닐라츄러스
https://blog.naver.com/wjdwlsrud57/223219133162,꾸덕한 초코디핑 츄러스 꼭 먹어야되는 한남동카페 보닐라츄러스
https://blog.naver.com/bbooooom69/223058033782,한남동 주말 웨이팅지옥 경험한 썰 보닐라츄러스 / 마일스톤...
https://blog.naver.com/abcahra-/223206555569,한남동 보닐라츄러스 맛은 그냥 츄러스
https://blog.naver.com/dddan111/223129565065,한남동 이태원 바토스/ 타코맛집/ 보닐라츄러스
https://blog.naver.com/cherishmymemories/223245382673,"[일상] 용산 나들이 : 한남동 어썸니즈 쇼룸, 보닐라츄러스..."
https://blog.naver.com/jintamin428/223055204023,보닐라츄러스 평일 웨이팅 딥초콜릿 한남동 카페 BONILLA
https://blog.naver.com/satt2021/223198780217,한남동 츄러스/보닐라츄러스한남점/츄러스맛집/웨이팅꿀팁
https://blog.naver.com/tndhks3688/223183630301,[용산구 / 한남동 ] 보닐라츄러스 한남점
https://blog.naver.com/refreshus/223073023369,한남동 핫플 보닐라츄러스 평일 오픈런 웨이팅 예약방법 및...
https://blog.naver.com/hyang3052/223135907610,"6월의 한남동 - 보닐라츄러스,히트커피로스터스"
https://blog.naver.com/h_seojin_/223216947328,한남동 핫플 츄러스 맛집 '보닐라츄러스' 평일 웨이팅 내돈내산...
https://blog.naver.com/hlee910-/223073062178,"한강진역 카페, 한남동 핫플, 한남동 츄러스 : 보닐라츄러스 한남점"
https://blog.naver.com/mirae978/223196025430,"먹고사는 일상) 한남동 짧은 나들이, 고메494, 보닐라츄러스"
https://blog.naver.com/yezzinee/223102373700,"보닐라츄러스 한남점 | 주말에 다녀온 한남동 츄러스 맛집, 초코..."
https://blog.naver.com/yeunjo93/223076004541,"한남동 보닐라츄러스, 웨이팅 뚫고 맛본 극락 츄러스"
https://blog.naver.com/chococo214/223108146891,"[한남동 츄러스맛집] “보닐라츄러스” 웨이팅,방문추천,후기"
https://blog.naver.com/gldud1112/223061359600,[서울 한남동] 보닐라츄러스 한남점 오픈! 평일후기✨(웨이팅필수)
https://blog.naver.com/2_dah/223181768744,한강진역 맛집 바5412 / 한남동 보닐라츄러스 주말 웨이팅...
https://blog.naver.com/jdb_1_log/223039205428,"한남동 카페_스페인 전통방식 그 자체의 츄러스,보닐라츄러스..."
https://blog.naver.com/kikkis/223084058041,아주아주 핫한 츄러스 맛집 한남동 보닐라츄러스
https://blog.naver.com/kitiy777/223045566161,[한남] 보닐라츄러스 : 한남동 핫플 보닐라츄러스 평일오픈런!
https://blog.naver.com/shcj0519/223075027963,[한남동] 목단가옥_보닐라츄러스 실패하고 찾은 이색카페!...
https://blog.naver.com/flbwhdkdy/223149057259,드디어 먹어본 한남동 보닐라츄러스 / 짧은 웨이팅 성공 / 찐후기
https://blog.naver.com/deartoyeon_/223211525124,"로너, 한남동 보닐라츄러스, 생일 주간, 왕십리 제일곱창, 가을..."
https://blog.naver.com/accentv/223061032319,"한남동 놀거리 / 한남동 가볼만한곳, 보닐라츄러스 한남점 평일..."
https://blog.naver.com/hfg1102/223064827055,한남동 카페: 요즘 뜨는 핫플... 매장 ‘보닐라츄러스 한남점’...
https://blog.naver.com/sy_sony/223231317662,한강진역 한남동 카페 맛집 보닐라츄러스 포장도 가능해
https://blog.naver.com/judypark0725/223051323712,한남동핫플 보닐라츄러스 한남점 웨이팅 팁 소요시간 메뉴추천
https://blog.naver.com/minvlly/223101546707,한남동. 보닐라츄러스(Bonila a la virta)
https://blog.naver.com/thunder-81/223042884293,[한남동 맛집] 보닐라츄러스 솔직후기
https://blog.naver.com/sem890215/223062838115,[한남동카페] 웨이팅 지옥... 도전끝에 핫플츄러스-보닐라츄러스
https://blog.naver.com/zzangmanttu/223166133821,"한남동맛집 한강진역카페 웨이팅 솔직후기 ""보닐라츄러스..."
https://blog.naver.com/cocosunny-/223240800854,한남동 핫한 츄러스 맛집 보닐라츄러스 한남점
https://blog.naver.com/fly_hansol/223243465996,[서울 한남동]금요일 저녁 보닐라츄러스 먹기
https://blog.naver.com/puupwon/223108589740,한남동 한강진역 맛집/카페/핫한 보닐라츄러스/겉바속촉
https://blog.naver.com/soyeon_125/223235190860,한남동카페 보닐라츄러스
https://blog.naver.com/ssun2yu/223119598198,한남동 웨이팅 츄러스 맛집; 보닐라츄러스
https://blog.naver.com/zeongmindeulle/223048701249,"한남동 보닐라츄러스,"
https://blog.naver.com/chloesjmin/223052103103,"한남동 츄러스 카페, 보닐라츄러스, 한남동 웨이팅 많은 핫플..."
https://blog.naver.com/s2_ubin/223056322425,한남동 보닐라츄러스 핫플카페 평일 웨이팅 솔직후기
https://blog.naver.com/ruaend0327/223200971591,한남동 보닐라츄러스 일요일 웨이팅 / 달달한 딥초코 츄러스와...
https://blog.naver.com/gpdudsi/223102001243,한남동 보닐라츄러스
https://blog.naver.com/a5685y/223142118880,한남동 맛집 타크(tac)/ 보닐라츄러스
https://blog.naver.com/beenglet/223258842205,"한남동 맛집, 보닐라츄러스, 웨이팅 꿀팁, 포장, 츄러스 맛집..."
https://blog.naver.com/saturnjw/223090408246,[한남동] 한남동 츄러스 맛집 보닐라츄러스 평일 웨이팅
https://blog.naver.com/msjung0519/223210410470,[이태원/한남동] 보닐라츄러스(Bonila a la vista) 한남점...
https://blog.naver.com/howl94/223121999261,"[서울/한남동] @ 보닐라츄러스 : 스페인 전통 츄러스 맛집 , 평일..."
https://blog.naver.com/tlsdnjs9248/223192711118,[서울 | 용산구 한남동] 보닐라츄러스 / 우리나라에서...
https://blog.naver.com/u_uuny/223048044895,[이태원/한남동] 요즘 제일 핫한 보닐라츄러스 한남점
https://blog.naver.com/dkdlwydk99/223100474679,[한남동카페] 요즘핫한 보닐라츄러스 드디어 먹어봤습니다 평일...
https://blog.naver.com/blissyumni/223080905719,"[보닐라츄러스] 한남동 츄러스 카페, 평일 웨이팅 후기"
https://blog.naver.com/ok_6923/223047579481,[서울 한남동] 보닐라츄러스
https://blog.naver.com/ga_young94/223037175185,보닐라츄러스 :: 이태원 • 한남동 신상카페...
https://blog.naver.com/1byeoliiiii/223054070210,[한남동 맛집] 보닐라츄러스 : 스페인식 초코딥 츄러스 맛집...
https://blog.naver.com/gertrude123/223133793092,[한강진역] 한남동 보닐라츄러스 핫플 데이트 웨이팅을...
https://blog.naver.com/justmylifekk/223069724869,"[일상] 2023년 4월 (한남동 보닐라츄러스, 24시 뼈다귀감자탕..."
https://blog.naver.com/emdjrzz/223065625263,한남동 보닐라츄러스 평일 웨이팅 후기
https://blog.naver.com/chlrh55792/223103119667,한남동 카페 : 요즘 핫한 '보닐라츄러스' 두 시간 웨이팅 후기
https://blog.naver.com/60-06/223213450142,"서울 한남동 카페 / 보닐라츄러스 한남점 웨이팅, 주문 꿀팁!"
https://blog.naver.com/doraemiii/223121998879,한남동 보닐라츄러스 주말 웨이팅 및 방문 후기(ft.장미 구경과...
https://blog.naver.com/seriming0320/223096843221,28살 유부녀의 하루 (24) 용산구 한남동 맛집 [보닐라츄러스]...
https://blog.naver.com/smrt1217/223083179158,[이태원/한남동] 보닐라츄러스
https://blog.naver.com/sojeong0218/223218123329,한남동 카페 보닐라츄러스 한남점 딥 초콜렛 츄러스 후기
https://blog.naver.com/b9j5_/223079907051,[한남동/보닐라츄러스] 스페인에서 온 츄러스 맛집! 보닐라...
https://blog.naver.com/mh_j4665/223057611161,[한남동] 보닐라츄러스 웨이팅 팁 메뉴추천 필수일독!
https://blog.naver.com/findme2022/223071527062,[한남동] 보닐라츄러스 _ 스페인 브랜드 아시아 1호점 (애견동반...
https://blog.naver.com/seongmam77/223053762567,서울:한남동 (스페인전통 츄러스맛집) 》보닐라츄러스 한남점
https://blog.naver.com/dagam0423/223073331492,초코츄러스 맛집 한남동 보닐라츄러스 혼자 평일 웨이팅 해보기
https://blog.naver.com/jluka/223232561514,한남동 데이트 (타크/보닐라츄러스/포터리) feat. 한결데이
https://blog.naver.com/workworkbalance/223144888409,"한남동 보닐라츄러스, 평일에도 웨이팅 필수인 인기 맛집"
https://blog.naver.com/xxolar/223226633421,"차경, 한남동 투어 - 오아시스... 솔솥 한남, 보닐라츄러스)"
https://blog.naver.com/hsae0/223118814435,"한남동 카페, 보닐라츄러스 한남점"
https://blog.naver.com/yoonjaekang613/223238366264,"한남동 카페, 보닐라츄러스 한남점 웨이팅 방문 후기"
https://blog.naver.com/amyouzin/223082647256,[서울/카페] 한남동 핫플 보닐라츄러스 주말 웨이팅 후기
https://blog.naver.com/ines011/223041068096,"한남동 핫플 가오픈 신상 카페 보닐라츄러스 (웨이팅, 주차)"
https://blog.naver.com/qoo951/223125438591,"한남동 보닐라츄러스 (bonilla churros, 초코딥)"
https://blog.naver.com/0swing0/223222074608,한남동]ckbg.lab 보닐라츄러스
https://blog.naver.com/0610wlsgml/223084134896,서울/ 한남동 보닐라츄러스(Bonilla) 평일오픈런 후기
https://blog.naver.com/whtnrud19/223104731712,서울 츄러스 / 한남동카페 - 보닐라츄러스 한남점
https://blog.naver.com/lsw7736/223097966637,한남동 핫플 신상 카페 - 보닐라츄러스 한남점 (5월 평일 방문)
https://blog.naver.com/qmffld9/223076942793,한남동 | 보닐라츄러스
https://blog.naver.com/dongdong622/223262464398,[보닐라츄러스 한남점] 한남동 디져트/츄러스 맛집 추천
https://blog.naver.com/woowooday/223087465622,정말 맛있는 한남동 핫플 (+ 츄러스 꿀팁) [한남동 - 보닐라츄러스]
https://blog.naver.com/soojung1208/223049472553,[한남동 카페] : 새로운 k디저트 등장 @보닐라츄러스
https://blog.naver.com/springstrawberry/223071325978,[서울 용산구 한강진역 카페/한남동 츄러스 맛집] 보닐라츄러스...
https://blog.naver.com/qag486000/223046182469,보닐라츄러스 아시아최초 서울 한남동 소프트 오픈 주차정보...
https://blog.naver.com/m__nique/223244671562,"보닐라츄러스, 한남동데이트, 한남동 볼거리"
https://blog.naver.com/yu_ere-/223265040035,한남동 맛집 / 파이프그라운드 리틀넥 보닐라츄러스 오픈런 후기
https://blog.naver.com/irasia23/223195310653,한남동 맛집 핫플 ‘보닐라츄러스’ 주말 웨이팅
https://blog.naver.com/beherit_/223106342848,한남동 국내1호 보닐라츄러스 평일웨이팅
https://blog.naver.com/eunhyoung91/223230025091,보닐라츄러스 주말 웨이팅 테이크아웃 한남동 핫플 맛집
https://blog.naver.com/xxyxnxa/223116043769,한남동디저트 겉바속촉 스페인식 츄러스 보닐라츄러스 한남점
https://blog.naver.com/gon__nni/223065327717,[한남동] 보닐라츄러스 한남 주말 웨이팅
https://blog.naver.com/hyenkkk90/223164666041,[한남동 보닐라츄러스] 한남동 핫플 츄러스 테이크아웃...
https://blog.naver.com/panguuin/223037281753,보닐라츄러스 한남점 : 한남동에서 요즘 가장 핫한 초초초신상...
https://blog.naver.com/seonmer/223202524829,"한남동 나들이 [타크, 마일스톤커피, 기준, 보닐라츄러스..."
https://blog.naver.com/hewitt-/223101838350,한남동 <보닐라츄러스> 이런 바삭바삭 츄러스는 처음이야
https://blog.naver.com/tjdmswo7701/223273862680,[일상 기록] 한남동 나들이... 어썸니즈 | 보닐라츄러스...
https://blog.naver.com/yuhwanoh_/223173841726,"5월 (한남동 계업식, 마일스톤커피, 보닐라츄러스..."
https://blog.naver.com/ryupast/223050990795,한남동 보닐라츄러스 Bonilla... 후기 | 츄러스 이벤트 당첨
https://blog.naver.com/vldksh890/223060303211,요즘 핫한 한남동 핫플레이스 츄러스 맛집 '보닐라츄러스 한남점'
https://blog.naver.com/dmsp8912/223035652006,"보닐라츄러스 한남점 | 츄러스맛집, 한남동 신상카페"
https://blog.naver.com/jkre4030/223077204247,한남동 맛집 스페인 츄러스 맛집 보닐라츄러스
https://blog.naver.com/misu827/223091098036,[한남동 맛집] 보닐라츄러스
https://blog.naver.com/free_seoul_news/223225259108,한남동 카페 보닐라츄러스 한남동 맛집 한남동 데이트
https://blog.naver.com/edith52/223065685167,"[한남동 카페] 우리나라 1호점, 보닐라츄러스 한남점"
https://blog.naver.com/eunsu0618/223069478257,"한남동 보닐라츄러스 +주말 웨이팅, 주차 정보"
https://blog.naver.com/yeseul_0312/223095878422,"한남동 보닐라츄러스, 테이크아웃으로 먹어도 충분해요 !"
https://blog.naver.com/oni-ona/223039060477,"서울 한남동, 보닐라츄러스(bonilla churros)"
https://blog.naver.com/syclinic/223060044000,[보닐라츄러스 한남점] 한남동 이태원 가볼만한곳 내돈내산...
https://blog.naver.com/sksmscjsqo12/223250021590,서울 한남동 핫플 카페 디저트맛집 보닐라츄러스 웨이팅 후기
https://blog.naver.com/newblockbaby/223079774597,한남동 카페 보닐라츄러스 한남점 주말 홀 웨이팅 오픈런
https://blog.naver.com/zzzzzyeon/223185736972,한남동 핫한 카페 보닐라츄러스 웨이팅 후기
https://blog.naver.com/bboro6779/223139605617,"한남동 핫한 츄러스 카페 테이크아웃 후기, 보닐라츄러스"
https://blog.naver.com/juvelylovely/223095267697,[한남동]보닐라츄러스 - 츄러스는 놀이공원이 답이다! 진짜 찐...
https://blog.naver.com/324san/223241148609,"한남동 데이트 :: 마일스톤 커피, 보닐라츄러스 (포장, 카페..."
https://blog.naver.com/sub__-/223200420365,한남동에서 보닐라츄러스 하세요➰ 웨이팅/내돈내먹 솔직후기
https://blog.naver.com/iamdain7/223052666813,"[마케팅분석] 한남동에서 가장 핫한 보닐라츄러스, 2시간..."
https://blog.naver.com/wing_newlife/223115766326,[한남동 맛집] 보닐라츄러스 :: 요즘 뜨는 디저트 맛집...
https://blog.naver.com/betterday07/223129421784,한남동맛집 보닐라츄러스 스페인에서 날아온 바삭한 츄러스...
https://blog.naver.com/iyeojeong/223082126123,데이트 : 한남동 이태원 #보닐라츄러스 강남 테헤란 #글루글루...
https://blog.naver.com/cafexstone/223075388554,보닐라츄러스 한남점 : 한남동 스페인 츄러스 맛집 / 평일 오픈...
https://blog.naver.com/happy_dd_1/223212647994,한남동️ 스페인 츄러스가 생각날때 보닐라츄러스 보닐라...
https://blog.naver.com/rladnwls960/223054724806,한남동 보닐라츄러스 웨이팅 포장 후기 주차팁까지
https://blog.naver.com/sml-47/223212925969,한남동 맛집 보닐라츄러스 살펴보기
https://blog.naver.com/lmj7616/223164003696,"한남동 타코 맛집 타크 tac, 바비 팝업스토어, 보닐라츄러스"
https://blog.naver.com/lxxsyl/223102390234,"주말 한남동 보닐라츄러스 오픈런,104카페,더바넷 쇼룸 나들이"
https://blog.naver.com/jinzzazumma/223211929875,특별한듯 특별하지 않은 한남동 이태원“보닐라츄러스”...
https://blog.naver.com/luiner/223204759578,한남동 핫한 스탠딩 츄러스맛집 보닐라츄러스 한남점 내돈내산...
https://blog.naver.com/cekdus99/223110687926,바통|한남동 보닐라츄러스|올드페리 도넛|한남동쇼룸(시엔느...
https://blog.naver.com/yunha919/223038036188,[용산/한남동 카페] 보닐라츄러스 한남점
https://blog.naver.com/yujinne_e/223056007542,한남동 나들이 | 한남동 핫플 보닐라츄러스부터 해피푸드까지
https://blog.naver.com/sunny934/223125346365,"보닐라츄러스, 한남동 신상 디저트"
https://blog.naver.com/dayoung2199/223116752285,한남동 핫플 스페인 보닐라츄러스 주말 웨이팅
https://blog.naver.com/kid960907/223242840973,한남동 츄러스 맛집 [보닐라츄러스] - 딥초코 추천
https://blog.naver.com/yeonyearn/223102893104,"스페인에서 한남동으로, 이태원 해장은 역시 보닐라츄러스!"
https://blog.naver.com/sp6235/223137217584,"한남동 맛집 ""보닐라츄러스"""
https://blog.naver.com/sipis/223164475895,보닐라츄러스 한남동 디저트 맛집
https://blog.naver.com/yumhwakalium/223180745543,한남동 핫플 <보닐라츄러스> 평일방문후기
https://blog.naver.com/kjyo132/223113835474,[한남동-보닐라츄러스/104 카페/솔솥/공기]☺핫플 모음집...
https://blog.naver.com/s8227/223248261121,"한남동 맛집 기획(타크, 오라라카페, 보닐라츄러스, 난포한남 ...)"
https://blog.naver.com/taemigotsoul/223105635938,"한남동 핫플 보닐라츄러스 주말 웨이팅, 트러플츄러스..."
https://blog.naver.com/orthobeen/223185397485,"한남동 이태원 보닐라츄러스, 초코딥 후기, 웨이팅"
https://blog.naver.com/lovely_summer/223134359145,"여름슐랭312/한남동 핫한 보닐라츄러스, 요즘핫한 디저트"
https://blog.naver.com/mymongle/223264943392,한남동은 늘 짜릿해 | 모도... 쇼룸 후기 I 카페104 / 보닐라츄러스
https://blog.naver.com/inbi25/223206898320,한남동 「보닐라츄러스」 주말웨이팅/메뉴/테이크아웃...
https://blog.naver.com/dolphin9649/223099644421,한남동 | 바삭한 보닐라츄러스웨이팅 및 후기
https://blog.naver.com/awsome2015/223073699846,한남동 핫플 보닐라츄러스 한남점 웨이팅&맛 후기
https://blog.naver.com/happybinsdaily/223064990138,[한남동] ‘보닐라츄러스’ 방문기 (p.s 충격적인 웨이팅 시간)...
https://blog.naver.com/jijinew/223070145147,한남동 신상 핫플!! 보닐라츄러스 주말 웨이팅&솔직후기>_<
https://blog.naver.com/dosshiri357/223194816876,[한남동 카페] 보닐라츄러스 : DEEP CHOCOLATE CHURROS...
https://blog.naver.com/cestbon__/223068491803,"[한남동] 보닐라츄러스 | 딥 초콜릿 츄러스, 보닐라 감자칩..."
https://blog.naver.com/kkomange-/223124211926,[한남동 맛집] 보닐라츄러스 대기 및 명동교자 후기
https://blog.naver.com/my_name_is_hyeonji/223069338354,[보닐라츄러스]한남동 보닐라츄러스 한남 주말 웨이팅 매장 포장
https://blog.naver.com/brilliant_una/223108842013,"한남동/한강진 카페 :: 보닐라츄러스, 프렌떼 베이커리 후기 ෆ"
https://blog.naver.com/jthwjd/223153490521,한남동카페 : 츄러스가 맛있는 보닐라츄러스 한남점
https://blog.naver.com/hyeona0519/223085548662,‘한남동 보닐라츄러스’
https://blog.naver.com/byyun0124/223046459369,[한남동 맛집] 보닐라츄러스 한남점_아시아 최초 오픈한 스페인...
https://blog.naver.com/jieun8709/223199919292,평일 한남동 맛집 탐방 포장 후기! 보닐라츄러스 비쥬얼 폼 미쳤다
https://blog.naver.com/3family_home/223136606371,한남동 보닐라츄러스 간식추천 주말 오후 웨이팅 후기
https://blog.naver.com/joy-mi/223094600639,[한남동] 츄러스에 반하게 된 ‘보닐라츄러스 한남점’
https://blog.naver.com/2wslog/223078872089,한남동 디저트 맛집 보닐라츄러스 한남점에서 웨이팅 뚫고...
https://blog.naver.com/govlthsuek/223268865024,3번출구 보닐라츄러스 이태원 데이트 줄서서 먹는 한남동 카페
https://blog.naver.com/dhwldms1213/223218905164,한남동 츄러스 찐맛집 : 평일 웨이팅 없는 보닐라츄러스
https://blog.naver.com/graybathx87/223124450837,한남동X부자피자X보닐라츄러스
https://blog.naver.com/piggiheee/223148078995,"[보닐라츄러스 한남점] 서울 한남동 / 스페인 츄러스, 주말 웨이팅"
https://blog.naver.com/kimbebe8904/223244856522,생일기념 서울데이트 한남동 맛집 보닐라츄러스 브런치카페...
https://blog.naver.com/imwhimsical/223138804719,서울 한남동 가야하는곳_보닐라츄러스
https://blog.naver.com/suestal_k/223158931071,"[보닐라츄러스, 로프트230펍 | 한남동] 웨이팅 없었던 화요일..."
https://blog.naver.com/subbinway/223107866316,[보닐라츄러스 한남점] 서울 용산구 한남동 이태원 트러플...
https://reviewjju.tistory.com/105,[한남동 카페] 보닐라츄러스
https://blog.naver.com/angel5991/223056961105,한남동 데이트 추천(보닐라츄러스 솔직 후기| 컨큐어 한남)
