title,content
"연희동 감성 카페 : 보케, 후르츠 산도 맛집 딸기 디저트 등장이요","몽블랑 다음으로 내가 꽂혀버린 후르츠 산도🫶🏻🫶🏻💖 내가 사랑하는 가을, 이 계절이 지나가기 전에 무화과 잔뜩 먹어줘야 하니 무화과 산도 먹으러 가봅니다. 그리고 드디어 딸기 디저트도 나왔다고 해서 한 번 더 다녀온 💚연희동 감성 카페 보케(Bokeh)💚 홍대에서 연희동으로 넘어오는 큰 도로변에 위치해있다. 이렇게 건물 2층이라 간판을 보고 잘 찾아오면 된다. ✅영업 시간 화-금 11:00-20:00 토-일 12:00-21:00 매주 월요일 휴무 보케 서울특별시 서대문구 연희로 116 2층 좌측 들어가자마자 내 눈을 사로잡았던 초록 초록한 창문 뷰💚 연희동 뷰 맛집이었잖아,,,?🫶🏻🫶🏻💖 심플하면서도 모던한 감성이 느껴지던 카운터, 주문을 먼저 해봅시다🙋🏻‍♀️🙋🏻‍♀️ 시즌마다 종류가 달라지는 듯했던 했다. 사진으로만 봐도 너무 먹음직스럽게 생겼지 뭐야? 고구마 브륄레 / 무화과 / 딸기 디저트는 이렇게 세 종류가 준비되어 있다. 애플 레소가 너무 궁금했는데 내가 갔던 날은 주문이 어렵다 하셔서 눈물을 머금고 다음을 기약함. 그래서 한 번 더 왔다. 이것은 쭈얜의 마음에 들었다는 뜻입니다. 내 사랑 무화과🥹🥹💖 솔드아웃 안되게 하루 종일 끊임없이 만들어두신다고 한다. 이 창가 자리가 정말 마음에 들었다📸📸 날씨가 조금 흐려서 살짝 아쉬웠지만, 흐리면 흐린 대로 또 매력이 있는 듯했던 곳이었다. 타임랩스로도 잠깐 담아봤는데 찍어두길 잘했다:) 내가 앉았던 창가 맨 끝 자리✨✨💚 창문 너머 보이는 초록빛 가로수들이 너무 예뻤지:) 공간 중앙에는 기다란 직사각형 모양의 선반이 하나 놓여있는데, 그 위로 각종 오브제와 화병, 화분들이 진열되어 있다. 약간 소품 숍 같기도 하고 감성 그 자체✨✨ 붉은색 가죽 의자와 하얀색 테이블 그리고 초록 식물들이 색감을 더 다채롭게 만들어주었다. 창가 반대편은 또 이렇게 화이트톤 감성 인테리어라 완전히 다른 매력을 자랑한다. 사실 인스타그램에서 봤을 땐 아기자기한 감성 인테리어라 당연히 사장님이 여자분이신 줄 알았다. 그런데 남자 사장님이셨다. 이런 편견을 가지지 말자... 귤 화분도 너무 귀염 뽀짝이다. 테이크아웃 컵과 작은 화분인지 도자기로 된 잔인지 알 수 없지만? 이 친구들도 진열되어 있었는데 이것마저 감성 그 잡채,,,❤️ 굉장히 심플하면서도 뭔가 계속 오게 되는 매력이 있는 곳이랄까? 연희동 조용한 카페, 분위기 좋은 카페 찾으시는 분들께 딱 제격이다. 저번 주에 왔다가 오늘 또 왔는데 두 번 다 (다른 좌석이지만) 창가 자리에 앉았다. 빨간색 가죽 의자보다는 다소 불편한 감이 없지 않아 보이지만, 오래 앉아있어도 크게 불편하진 않았다. 일주일 전에 왔을 때 먹었던 것들❤️ 찍고 나서 잘 찍은 것 같아서 동네방네 자랑한 사진:) 🤎무화과 산도🤎 이날의 주인공이었던 이 친구, 철이 지나가기 전에 또 먹어야만 해! 무화과가 진짜 큼직하게 꽉 차게 들어있다. 조각이 아니라 온전한 하나를 넣어주셨다. 냅다 디저트 자랑하기 ㅋㅋㅋㅋㅋ 진짜 너~~~~~무 맛있었다. 역시 제철 과일이 제일이다. 크림도 과하게 느끼하지 않고 적당히 달달하면서 과일하고 잘 어우러지는 맛이라 감동이었다고나 할까..? 원래 크림빵을 안 좋아하는데 이건 왜 맛있는 거죠,,? 적당히 산미가 느껴지면서 담백했던 플랫 화이트, 달달한 디저트와 함께 마시기 딱이었다...! 비 오는 날의 연희동 감성 담아보기 창문에 맺힌 빗방울마저 날 행복하게 해~!~! 어제부터 딸기 산도가 나왔다는 얘기를 듣고 오늘 바로 달려가 봤지, 보케 나의 연희동 아지트가 될 것만 같아요. 오늘은 새로운 메뉴로 주문을 해봤다. 그래서 더 설레! 벌써 딸기 시즌이 돌아왔단 말인가,,, 시간 정말 빠르다ㅠㅠ 벌써 11월 10일이야 오늘부터 플리에 크리스마스 캐럴도 개시해야겠다. 연희동 감성 카페 : 보케, 후르츠 산도 맛집 딸기 디저트 등장이요 재생 17 좋아요 3 00:00 00:14  연희동 감성 카페 : 보케, 후르츠 산도 맛집 딸기 디저트 등장이요 칼로 반을 자른 후, 포크보다는 손으로 들고 먹는 게 가장 맛있다고 해주셨다. 그러나,,, 예쁘게 자르기 실패^^ 큼직하면서도 싱싱해 보이는 딸기가 콕콕 박혀있다. 딸기랑 크림의 조합 말 안 해도 다 알죠,,,? 그냥 맛있음. 무조건 먹어야 함. 애플 레소 에스프레소 + 사과주스 + 시나몬스틱 메뉴판에 적힌 설명 보고 괜히 신기해서 마셔보고 싶었는데, 저번에 왔을 때 못 먹어서 더! 맛이 궁금해졌던 친구였다. 처음 접해보는 굉장히 신선한 조합과 맛이었는데, 산미 있는 커피나 상큼한 커피 좋아하시는 분들은 한 번쯤 도전해 볼 법 하다! 개인적으로 가끔씩 생각날 것 같은 커피였다. 날씨 좋은 날 통창 너머 보이는 길거리 뷰를 보며 맛있는 디저트와 커피와 함께 보내는 하루라니!! 연희동 후르츠 산도 맛집, 디저트 카페는 보케 다들 메모하세요:) #보케 #연희동보케 #연희동디저트 #연희동케이크 #연희동주문제작케이크 #연희동감성카페 #연희동카페추천 #후르츠산도맛집 #딸기디저트 #서로이웃환영 #서이추환영 #소통환영"
[입짧은빈님] 연희동 보케 다녀왔다,"먹방일기 236_ bokeh 연희 편 bokeh 서울특별시 서대문구 연희로 116 2층 좌측 영업 시간 : 11:00 - 20:00 휴무 : 월요일 가격 : 메뉴판 참고 *단체 이용 가능, 포장, 예약, 무선 인터넷, 반려동물 동반 O 칭구 블로그에서 극찬하던 연희동 보케 ,, 저도 한번 다녀왔습니다. 일요일 저녁 7시 즈음 갓어요 ! 계단으로 2층까지 올라가서 좌측 철문 열고 들어가면 나온답니다. 보케 메뉴판 ! 1인 1음료 해야한다고 하네요. 제가 갔을 때는 무화과 산도랑 샤인머스캣 산도 모두 품절이었어요..... 눈물을 머금고 바나나 로투스 산도 주문했음니다. 이렇게 연희동 일대가 내려다 보이는 창가에 앉았어요. 어떻게 인테리어로 접시를 넣을 생각을 했는지 여기 분위기가 넘 조아서 다시 올 것 같아요 무화과 시즌에... 먹으로.. 가을중으로..꼬옥... 아이스 아메리카노랑 로투스 바나나 산도 ! 아이스 롱블랙 주세요 ~ 하시면 됩니다아 여기 조명도 켜주셨는데 꽤나 노랗게 나오더라구요. 전반적으로 어두운 분위기라 조명은 켜되,, 음식은 그냥 조명 끄고 플래쉬 터트려서 사진 찍으세요 꼬옥 ,, 무튼 산도는 정말 예상 가능한 그 맛이긴 한데 생크림이 너무 맛있었어요. 동물성 생크림은 아닌 것 같았는데 자꾸자꾸 먹게되는,, 아주 달지도 않고 그렇다고 느끼하지도 않은 크림이었구요. 바나나랑 로투스도 잘 어울렸답니다. 아이스 롱블랙은 진하고 산미 없게 맛있었어요. 산도만 보고 갔는데 롱블랙까지 맛있어버려서 여기에 반해버렸땁니다. 자리는 이렇게 두 명이서 앉는 자리 위주고요,, 내부가 아주 넓진 않아요. 그래도 포장이라도 해서라도 가고 싶은 곳. @bokeh_coffee 연희동 보케,, 무화과 산도 못먹어서 너무 한스럽습니다. 그래서 저랑 무화과 산도 먹으러 가실 분 모집합니다. 급구 !!"
"[연희동] 카페 보케 bokeh | 식물이 가득하고 의자 편한 카페, 책 읽기 좋은 카페","연희동 카페 보케 bokeh 내돈내산, #체크인챌린지 오랜만에 연희동 나들이. 평소 가고 싶어서 저장해두었던 연희동 카페 보케. 실제로 다녀왔더니 기대한만큼 좋아서 후기 포스팅. ☕️🎧 른 추천곡 - On my way home to you -by. Michael Franks 이 노래 들으면서 글쓰는 중인데 카페 분위기랑 너무 잘 어울려서 추천. 50m © NAVER Corp. bokeh 서울특별시 서대문구 연희로 116 2층 좌측 [ bokeh 보케 운영시간 ] 화~금요일 11:00 ~ 21:30 주말 12:00 ~ 21:30 *월요일 휴무, 내부 화장실O(깔끔), 주차 불가, 동물출입 가능, 휠체어 사용 불가, 와이파이 제공 보케 건물 입구 보케는 건물 2층에 위치해있다. 엘리베이터는 없고 계단만 있으니 참고. 계단을 오르면 양 옆에 문이 있다.(어느 문인지 잠시 헷갈림) 그중 왼쪽 문을 열면 된다. #bokeh 내부 인테리어 #연희동보케 #보케 내부 내 생각보다 매장이 컸고 테이블은 10개 정도 놓여있었던 것 같다. 우리는 노트북하러 방문한거라 이런 배치 좋음. 가운데 이렇게 큰 테이블을 두고 식물들을 올려두었다. 공간이 꽤 커서 테이블을 채우면 더 수익이 남겠지만 카페의 정체성과 컨셉을 위해 이렇게 둔 것 같다. L그래서 오히려 더 좋아보였음. 보케만의 특징도 확 느껴지고! 사진 보고 알게된건데 이 식물들 분양중인 식물인 식물이었다..! 관심있는 분들은 카운터에 문의드리면 될 듯 하다. 벽 한면이 모두 유리창으로 되어 있어서 햇볕이 잘 든다. 바닥 재질, 의자 색감, 스테인리스 재질 등 인테리어가 유니크하게 이쁘다. 한 면 전체 유리창이라는 쪽. 이쪽 의자들은 독특한 디자인. 마음에 든 카페 보케.. 내부가 너무 이뻐서 구경 좀 하고 주문하러 이동. #bokeh메뉴 보케 메뉴판. 나는 롱블랙 아이스(5,000원), 일행은 아이스 플랫 화이트(5,000원)를 주문했다. 인스타그램 보니 여기 독특한 디자인의 케이크를 판매하고, 디저트류도 꽤 유명한 것 같다. 하이볼도 판매한다. 무더운 한여름에 방문한다면 시원한 하이볼을 주문할 것 같다. 카운터에도 식물이 가득 #bokeh음료 음료 사진. 코스터도 커스텀한 것으로 보인다. 주말임에도 내부 여유가 있어서 좋았다. 이 정도의 여유로움이라면 나중에 휴식하는 날 혼자 책 한 권 들고 디저트랑 커피 즐기러 와도 좋겠다-싶었던. 일행이 찍은 사진. 점점 나보다 잘 찍는 것 같다. 난 카페든 음식점이든 후기 포스팅 볼 때 메뉴보다는 내부 인테리어 사진이 궁금한 편이다. 음식은 리뷰 한줄평보면 맛있는지 대체로 파악이 가능하다. 내부 인테리어는 내가 원하는 분위기나 목적이 상황에 따라 달라져서.. 글보다는 사진으로 파악하는게 효율적이라고 생각함. 그래서 내가 포스팅할 땐 내부 인테리어 사진을 꼭 올리려고 노력하는 편. 집순이 오랜만에 나들이하는거라고 신경 써서 입어봤다 엣헴..😏 화장도 원래 엄청 연하게 하는데 평소보다 신경써서 한 날. 가끔 이렇게 꾸미고 나가면 하루종일 텐션이 괜찮다. 엄청 꾸며야한다거나 꼭 갖춰 입어야한다는건 아니고.. 그냥 각자 스타일에 맞게, 스스로 만족스러운 수준으로 신경 쓰면 괜스레 그 날 하루가 산뜻해지는 느낌. 특히 이 날 통통 튀는 컬러들로 옷을 입고 싶었다. 연두색 치마와 귀여운 분홍 에코백이 마음에 든다(립제품인가 뭐 사고 사은품으로 받은건데 굳..) 식물과_함께.jpg 아, 위 사진상에 보이는 붉은색 의자 되게 편했다! 인테리어 예쁜 곳 중에 의자 불편한 곳들 꽤 있는데..ㅠㅠ 여기 의자는 편해서 넘 좋았다. 재방문 의사 매우 높다. 손님이 거의 없어서 기념 사진 몇 장 찍고 사진 구경하다가 노트북으로 할 일 했다. 요즘 평일에는 업무 등 지쳐서 그런가 그냥 푹 쉬고 싶어서 투자 스터디를 제대로 안하고 있다. 대신 주말에 몰아서 하고 있다. 이 카페에서 한 주간 못한 투자 공부를 했다. 결국 다 못해서 이 글 쓰고 나서 다시 몇 시간 공부할 예정... 저녁이 되니 또 다른 느낌. 힙한데 조용한 와인바같은... 식물 좋아 전반적으로 카페 내부가 조용하고 직원도 친절하시고. 커피맛도 괜찮았고 인테리어도 내 스타일이고 의자도 편하다. 다음에 연희동 놀러오면 또 방문하고 싶은 카페, 연희동 보케 (bokeh). 건너편 길목에서 버스 기다리다가 찍은 사진. 2층 보케. 또 보자~~~~ 오늘도 건강하고 행복한 하루 되셔요! 글이 도움되었다면 좋아요 꾸욱,,,🌿🌼"
요즘 빠져버린 연희동 [보케] 고구마산도 먹고 싶어 찾아간 산도 맛집 연희동카페 강추,"안녕하세요, 마이센트에요:) 오늘 소개해드릴 곳은 산도 맛집으로 입소문난 연희동 카페 '보케' 보케 서울 서대문구 연희로 116 2층 좌측 화~금 11:00-20:00 (라스트오더 19:40) 토~일 12:00-21:00 (라스트오더 20:40) 월 휴무 처음에 2층 올라가는 곳 보고 여기가 맞나...? 싶었는데 입구에 걸린 산도 보고 여기가 맞군~ 했다 ㅋㅋ 내가 방문한 날이 크리스마스 한 달 전이어서 크리스마스 분위기까지 추가! 시그니처 메뉴로는 애플레소와 오지라떼 애플레소는 사과주스100%와 시나몬스틱, 에스프레소가 들어간 음료인데 너무 궁금해서 아마 친구랑 갔으면 하나 시켜봤을 것 같은데 혼카페로 방문한지라 약간 위험한 시도는 불가... 오지라떼는 바닐라라떼와 아이스크림 조합이고 달달한 커피라 나는 산도와 먹을 조합을 생각해 카페라떼를 주문했다. 산도 맛집으로 유명한 보케는 역시나 테이블마다 산도가 하나 이상 있는 모습! 고구마브륄레산도 7.5 무화과산도 7.5 딸기산도 7.8 계절별로 산도는 약간씩 바뀜 주의 라떼부터 예쁘고 난리... 요즘 연희동에 빠져있는데 '보케'는 특유의 맑은 감성과 채광이 넘 기분 차분하게 만드는 공간이다. 나는 개인적으로 우유맛 많이 나는 연한 라떼보다 거의플랫화이트에 가까운 진한 라떼를 선호하는데 보케의 카페라떼가 딱 그런 스타일이다. 찐~하고 고소한 원두향이 잘 살아있는 라떼맛! 사랑함다... 고구마크림브륄레산도. 이거 하나 보고 내가 이 멀디먼 연희동까지 왔더라지요... 예전에 포항에서 고구마산도를 처음 먹어보고 너무 맛있어서 서울에 고구마산도 파는 곳을 찾았는데 고구마산도 파는 곳이 없어서 셀프로 도전해봤다가 실패했던 나나들... 이젠 보케에서 먹으면 됨 엉엉 성덕이야 나... 고구마산도와 카페라떼의 조합 보케는 이렇게 창가쪽으로 쪼로록 좌석이 있는데 카페가 2층이라 채광도 넘 좋고 가로수가 촤르륵 펼쳐진 창 밖 풍경이 진짜 힐링 그 자체다. 달달하고 촉촉한 고구마 스타일인데 또 너무 물 많은 호박고구마도 아니라서 달달촉촉담백한 고구마산도.. 진짜 맛있다... 그리고 위에 구워진 부분도 살~짝 그을린 맛이 나서 더 별미였다 ㅎㅎㅎ 정말... 연희동 카페 보케... 나만 알고 싶은데... 아무도 모르는 사람 없게해주... 아니 나만 알래... 아니 모두 알아ㅈ....ㅛ... 50m © NAVER Corp. 보케 서울특별시 서대문구 연희로 116 2층 좌측 All rights reserved @my._.scent 마이센트 myscent | 카페 • 맛집 • 여행(@my._.scent) • Instagram 사진 및 동영상 팔로워 1,306명, 팔로잉 1,048명, 게시물 225개 - 마이센트 myscent | 카페 • 맛집 • 여행(@my._.scent)님의 Instagram 사진 및 동영상 보기 instagram.com"
연희동 카페 / 와인바 보케 Bokeh,"Bokeh 보케 *운영시간 화-일: 12:00-22:00 월:정기휴무 지인한테 추천받아서 연희동 보케 bokeh를 방문했습니다! 평소에 영어와 담을 쌓고 지내기 때문에 bokeh를 찾다 보니 영어 단어의 뜻이 이렇더라고요 ~ Bokeh 초점이 맞지 않아 뿌옇게 보이는 사진 효과 이걸 보니 영어 단어이지만 뭐랄까 느낌 있어 보였어요 ~ 그리고 어떤 곳일지도 궁금해졌답니다 ㅎㅎ 선영이는 먼저 도착하고 혜빈이와 함께 갔는데 문이 닫혀 있어서 이 그림들을 늦게 봤어요 ㅠㅠ 사장님 친구분께서 그려주셨다고 하시던데 그림도 너무 귀엽죠 ㅎㅎ Bokeh는 2층 좌측에 위치하고 있습니다. 그림처럼 커피와 와인을 마실 수 있는 곳이었어요! 저는 밤에 가서 와인을 마셨지만 연희동에 사시는 분들은 낮에 카페로 이용해도 좋을 것 같아요 ~ 문을 찍고 있는데 선영이가 들어와서 저를 보고 놀라더라고요 선영이가 안 좋아할 수도 있으니 잘라서 올렸어요 ㅎㅎ 문을 열면 바로 앞쪽에 이렇게 고리들이 붙여져 있어요. 저는 평일 저녁에 방문했고 엄청 추운 날이라 다 집에 계시는지 사람이 만석은 아니라서 다행히 자리가 있었습니다 ㅠ 옷을 걸어도 되나 싶어서 저는 의자에 올려놓았는데 사람들이 많을 때는 의자에 놓을 수 없으니 사장님께 물어보고 걸어놔도 좋을 것 같아요! 사장님께 너무 이것저것 많이 물어봤는데 사장님 어머님께서 주신 귤 나무? 도 하얀 벽과 사진 촬영을 하니 너무 예쁘더라고요 ㅎㅎ 가게의 전체적인 분위기를 담고 싶어서 손님들이 가기를 기다렸다가 찍었습니다! 2-4인 테이블도 5,6개 정도 있고 긴 테이블도 있어서 연말에 소모임 하기에도 좋은 것 같아요 ㅎㅎ 테이블에 크리스마스 장식도 있었어요! 이런 게 작지만 하나 있는 것과 없는 게 굉장히 느낌이 다른데 소품들이 있으니 분위기가 확 살더라고요 ~ 즐거운 크리스마스 보내세요 한참을 구경하느냐고 주문을 늦게 했습니다 ㅠㅠ 주문하는 곳에 가보니 귀여운 초와 잔도 팔고 있었어요! 귀여운 초는 자세히도 봐야죠 ㅎㅎ 요기에 있는 잔들은 전부 사장님께서 만드신 잔이라고 해요! 잔이 모두 달라서 더 특별한 것 같아요 ㅎㅎ 잔 구경 하는 중에 컵에 담겨있는 꽃이 너무 예뻐서 꽃 사진도 찍었어요 ㅎㅎ 메뉴는 주문하는 곳 테이블에 붙어 있습니다! 와이파이 비밀번호도 붙어 있었어요 와이파이 이용하실 분들은 주문하실 때 슬쩍 보세요 ~ 주문메뉴 *브리치즈 15,000 *와인 50,000 이쪽에 와인이 쭉 진열되어 있는데 왼쪽부터 스파클링 와인 2종류, 화이트 와인, 로제 와인, 그린 와인, 레드와인, 화이트 와인입니다! 사장님께 추천받은 베스트 와인!! 각자 취향에 맞게 마시는 것이지만 ㅠㅠ 저희는 고르기 너무 어려워서 사장님의 도움을 받아서 주문했어요 ~ 잔이 이렇게 물자국 없이 깨끗한 것을 보고 사장님께서 진짜 청결하게 관리하신다고 느꼈어요 ~ 2-3일 테이블은 투명한 유리로 덮여져 있는데 안쪽에 접시 또는 장식품들로 꾸며져 있어서 구경하는 재미도 있더라고요! 어떻게 이렇게 꾸며놓을 생각을 하신 건지 모르겠어요 ㅎㅎ 크리스마스니까 크리스마스 느낌으로!! 계절이나 특별한 날 있을 때마다 바꾸시나 봐요 ~ 가게에 둘러보고 구경할 곳이 너무 많아서 계속 둘러보고 사진 찍기 바빴어요! 그래서 메뉴 나오기 전까지 계속 찰칵 소리가 멈추지 않았답니다 4인 테이블에 위에 올려져 있는 눈사람 초도 귀여워서 집으로 가져가고 싶었어요 ~ 그리고 가게 안에 화장실이 있다는 점도 좋더라고요! 카페도 그렇지만 와인이나 술을 마시면 화장실을 자주 가잖아요 ㅠㅠ 밖에 있으면 요즘 같은 날씨에 너무 춥고 옷도 벗었다 입었다 해야 하는데 안에 있으니 편했습니다 남녀 공용이었지만 깨끗했어요 ~ 와인 오픈 타임! 첫 번째 와인은 amie와인-레드입니다. 요잔이 와인 마시기 좋더라고요! 잔이랑 와인도 함께 찍고 싶어서 열심히 또 사진을 찍었어요 ㅎㅎ 잔 밑이 보통 막혀있는데 뚫려 있어서 살펴보니 이렇게 bokeh라고 적혀져 있었습니다 ㅎㅎ 숨은 디테일이죠! 브리치즈 & 딸기판나콘다 브리치즈와 딸기판나콘다입니다 ! 제가 와인을 잘 모르지만 깔끔하고 부드러워서 마시기 좋았습니다 ㅎㅎ 평소에는 이런 치즈도 잘 먹지 않지만 오늘은 와인이니 특별하게 치즈와 먹었습니다. 브리치즈 아래쪽에는 꿀이 있고 위에는 견과류가 있어서 함께 먹으니 맛있었어요! 딸기판나콘다 디저트로 먹어도 좋지만 이렇게 와인과 함께 먹어도 괜찮았습니다~ 두 번째 와인은 스파클링 와인으로 골랐습니다! 사실 오늘 만남은 얼굴 보고 얘기하는 것도 있지만 연말맞이 선물 교환을 위해 모였어요! 평소엔 잘 오지 않는 연희동에서 만났는데 사장님도 친절하시고 가게도 예뻐서 더 즐거웠네요 ㅎㅎ 다음에는 연희동 bokeh 보케가 카페일 때 와보고 싶네요! bokeh 서울특별시 서대문구 연희로 116 2층 좌측"
연희동 보케 감각적인 인테리어의 카페 겸 하이볼 바,"연희동에 위치한 카페 겸 bar 보케입니다 원래 오픈 초에 방문하려 저장해 둔 곳이었는데 핫플의 홍수 속에 잊고 지내다 근처 방문한 김에 떠올라 찾아가게 되었어요 연희 삼거리의 평범한 상가 건물 2층에 위치하고 있습니다 보케 커피 Bokeh Coffee • 11:00 ~ 21:30 (월 휴무) • 12:00 ~ 21:30 (토,일) • 서울 서대문구 연희로 116 2층 • 반려견 동반 가능 미니멀 하면서 감각적인 디자인의 출입문입니다 sns로 사진을 이미 보긴 했지만 공간에 대한 기대감을 갖게 합니다 문을 열고 들어서면 정면에 카운터가 먼저 보입니다 옛스러운 느낌의 붉은색 바닥 타일과 그레이 메탈 소재 카운터의 대비가 인상적이었어요 조명 받아 더 빛나고 있는 금속 그릇장도 감각적입니다 그리 넓지 않은 매장 가운데를 할애하여 아기자기한 화분들을 놓고 있습니다 보케 사장님이 식집사가 아닐까 생각될 정도로 그 숫자가 많아요 ㅎㅎ 예전 후기 사진들을 보면 이 테이블을 쉐어 테이블로 사용하셨던데 최근 구조를 바꾸신 것 같습니다 보케의 중앙 테이블 양옆으로는 2인석이 2세트씩 배치되어 있습니다 오후에 방문했더니 손님들이 꽤 있더라고요 바닥 컬러를 고려해서 레드 컬러 의자를 사용하신 것 같습니다 창가 쪽에도 테이블이 배치되어 있습니다 평소 같으면 창가에 자리를 잡을 텐데 마침 쨍하게 햇살이 들어오던 타임이라 도저히 못 앉겠더라고요 창가에 앉지는 않았지만 미니멀하면서 미래적인 디자인의 테이블 세트가 마음에 듭니다 전체적으로 매장 인테리어를 실버 or 그레이와 레드 컬러로 통일해서 단순하면서도 감각적으로 느껴집니다 채광이 좋아서 곳곳에 놓여있는 식물들이 잘 자랄 것 같아요 😄 보케의 메뉴판입니다 와인바라는 후기도 있던데 와인 대신 짐빔 위스키만 놓여있어요 ㅎㅎ 아마 와인을 취급하시다 하이볼로 주류 메뉴를 변경하신 것 같습니다 보케의 유일한 4인석입니다 마침 손님이 많지 않아 사장님께 양해를 구하고 이 좌석에 앉았어요 주문한 라떼는 자리로 가져다주십니다 매번 라떼아트로 하트만 보다가 백조인가요? 오랜만에 다른 문양을 보니 좋습니다 양이 조금 아쉬웠지만 라떼 맛은 괜찮았습니다 천정에 깨알같이 숨어있는 폰트에요 ㅎㅎ 이런 디테일 찾는 것 좋아합니다 😁 기대보다 더 좋았던 보케 커피였습니다 공간도 감각적이면서 청결하고 무엇보다 사장님이 너무 친절하셔서 카페에 대한 호감도가 확 올라갑니다 화장실도 의외로 내부에 있는데 아주 깔끔하게 관리되고 있고 (중요!) 핸드 워시도 르 라보 👍 사장님의 친절함과 매장의 청결함이 기억에 남아 다시 방문하고 싶은 카페 보케였습니다 50m © NAVER Corp. bokeh 서울특별시 서대문구 연희로 116 2층 좌측"
연희동 카페 보케 bokeh : 감성카페 찾는다면 이곳으로,"안녕하세요 전국을 여행하며 맛집을 찾아다니는 다뚱이입니다~! 오늘은 연희동에 위치한 감성 카페를 소개 드리려고 합니다. 분위기 즐기기도 좋고 편안한 곳이라 데이트 장소, 친구 모임 등 다양한 목적으로 방문하기 좋은 거 같아용 지금부터 자세히 소개 드릴게요~! 보케 bokeh 📍 서울 서대문구 연희로 116 2층 좌측 ⏰ 화~금 11:00 - 20:00 토, 일 12:00 - 21:00 *매주 월요일 휴무 ☎ 010-7577-7554 오늘의 목적지는 연희삼거리 김밥천국 맞은편에 위치하고 있습니다. 1층에 큰 간판이 없어 그냥 지나치기 쉬우니 상단 우측 사진 속 고양이 미용실&호텔 간판을 보고 찾아오시는 게 편할 거 같습니다. 2층으로 올라와 좌측을 보면 문이 보이는데 문도 여기가 맞나 싶은 듯한 문... 네. 여기가 맞습니다ㅎㅎ 문을 열고 안으로 들어가 봅니다. 평일 낮임에도 이미 많은 분들이 앉아 계셨습니다. 저희는 수다를 나누기 위해 방문했는데 계시던 손님들은 전부 조용하게 노트북을 하고 계셔서 어떡하지.. 나가야 하나 망설이고 있었지만 다행히 사장님께서 편하게 얘기하다 가도 된다고 먼저 말씀해 주셨습니다. 평일엔 노트북 이용객들도 받고 있다 하시더라구요. 서울 연희동 카페 bokeh 보케 재생 12 좋아요 1 00:00 00:16  서울 연희동 카페 bokeh 보케 손님들이 안 계시는 곳을 따라 내부 촬영을 해보았습니다. 궁금하신 분들은 영상을 참고해 주세용 자리 착석 뒤 주문을 하러 갔습니다. 메뉴판은 주문대 데스크에 적혀져 있습니다. 원래 디저트까지 먹으려고 했으나 아주 잠깐 머물다 가야 해서 음료만 주문했습니다. 계산대에 공짜 초도 있네용 생일이나 기념일 땐 케이크 구매 후 초를 불어도 좋을 거 같아요ㅎㅎ 주문하는 곳, 운영 안내 시간과 종이컵마저도 감각적으로 꾸며져 있는 이곳. 구경하는 재미가 있습니다. 잠시 후 저희가 주문한 음료가 나왔습니다. 매실티 두 잔과 복숭아티 한 잔이 나왔어용 복숭아티 6,500원 제가 주문한 음료는 복숭아티입니다. 처음엔 복숭아 아이스티를 생각했는데 받아보니 맑은 음료여서 신기했어용 한쪽엔 복숭아가 꽂혀 있는 꼬챙이가 있습니다. 음료의 맛은?? 맛조차 제가 예상한 것과 전부 반대! 복숭아 통조림 황도 국물을 마시는 듯한 느낌도 나고 2% 음료 향도 났어용 처음엔 오잉... 했지만 저도 모르게 계속 마시게 되는 오묘한 맛. 복숭아 조각까지 맛있게 먹었습니당 매실티 6,500원 친구들이 주문한 매실티! 매실티는 달달한 맛보다 새콤한 맛이 강한 편인데 맛있다고 말해주었어용 제가 앉은 반대쪽은 통창에 좀 더 밝은 분위기였는데 그곳에서 밖을 바라보며 차 한잔해도 좋을 거 같아요. 화장실은 매장 안에 있어요! 오늘은 이렇게 서울 연희동에 위치한 감성카페 bokeh 보케 방문 후기를 남겼습니다. 디저트를 맛보지 못해서 맛있는 카페다!라는 말을 하진 못하겠지만 친절한 사장님, 감각적이며 편안한 분위기가 매력적인 카페였습니다. 다음엔 디저트를 한 번 맛보고 싶네용 연희동 감성 카페를 찾는 분들에게 이곳을 추천드리며 마무리하겠습니다. 감사합니다~! 50m © NAVER Corp. bokeh 서울특별시 서대문구 연희로 116 2층 좌측"
"연희동 보케 ‘Bokeh’ | 내돈내산 연희동 최애 카페, 연희 카페 추천, 미친 분위기와 맛 ft. 무대조명","연희동 최애 카페로 등극한 #연희bokeh 동네 최애 장소 ** 이렇게 포스팅할 줄 알았으면 잘 찍어 올걸,,, 먹느라 바빠서 커피 사진, 장난감 사진만 잔뜩,,, 재방문 딱 기다려 내돈내산 #솔직후기 미친 커피 맛 미친 얼음 미친 분위기 미친 통유리창 뷰 미친 초록색 데코들까지 + 세상 친절한 사장님까지 나 여기 정말 조와해요 내가 정말 조와하는 연희동 카페 #BOKEH 여기 간판.. 보이지도 않아요 사장님 왜.. 홍보.. 안 해요? 나 진짜 이해 안 가 #연희카페추천 내가 해줄래,.. 간판 수제로 만들어드릴까요 사댱님,, 이곳 #연희동보케 .. 밤에 지나가다가 통유리창으로 된 2층 전체가 불이 켜져 있길래 봤었다가 저기가 뭐야? 하면서 네이버 지도 확대해가며 발견한 #연희보케 리뷰 보니 보늬밤이랑 플랫화이트 등 모든 커피가 다 맛있다는 후기 잔뜩 심지어 와인도 파는 곳 #연희와인바 발견한 후에도 저기 입구는 어디야..? 간판도 없어 뭐야 저기..? 하며 지나갔던 기억 제이와 연남동에서 밥 먹고 걸어가는 길 생각난 이곳 진짜 지나가다 들렸는데 나만 알고 싶은 카페로 등극,, #연희신상카페 사장님의 차분하고 깨끗하고 따뜻한 느낌 물씬 소품들 연희동 #보케 Bokeh #연희동카페추천 📍위치 서울 서대문구 연희로 116 2층 (연희동 135-8) ⏰영업시간⏰ 매일 오전 11시 - 오후 10시 라스트 오더 오후 9시 30분 매주 월요일 정기휴무 #내돈내산 뷰 맛집 커피 맛집 #재방문카페추천 50m © NAVER Corp. bokeh 서울특별시 서대문구 연희로 116 2층 제이가 푹 빠진 이 장난감 연희동 보케 재생 10 좋아요 1  접기/펴기 연희 bokeh | 연희동 카페 추천 푹 빠지다 못해 영상을 찍고 계셨던 오빠님 귀엽네,, 이게 그렇게 조와,,? 여기 얼음부터 미쳤거든요,, 커피 나오는 거 보고 아! 여기는 일주일 내 재방문 할게요! 오빠도 커피 나오는거 보더니 바로 날 쳐다보며 응…너 다 해 너를 위한 장소다 아이폰 14 인물사진 무대조명 ㅋㅋㅋㅋㅋㅋㅋ 옆에서 보던 오빠 ""이 효과는 도대체 뭐길래,, 배경을 이렇게 날려..?"" 거의 그 뭐야 아무것도 안보이는 카페,, 암흑카페마냥 나오네😋 이게 요즘 유행이야 옵빠. 내가 사랑하는 통유리창 내부 사분면 중 한 면 전체가 통유리예요,, 연희동 동네 뷰 통유리창 앞 긴 바 테이블과 앉기 편한 가죽의자들 서있어요 나만 알고 싶으니깐 비밀 또 시작된 인물사진 무대조명 효과 재밌다 종종 사용할 카메라 효과 리스트 추가 다음 무대조명 대상물은 옵빠..?🤗 쇼파자리, 통유리창 자리 안 보여줌 안 알려줌 커피 사진 잔뜩 예쁘니까 괜찮아 금방 또 봬요 사장님. 저한테 딱 걸렸어요 여기 집 앞 카페 공부하기 좋은 카페 추천 작업하기 좋은 카페 오빠랑 노트북 켜놓고 이것저것 조물조물하다 온 기록 우리 오늘 많은 걸 했어! 나중에 조용히 책 읽거나 노트북으로 간단히 작업하러 와야지,, 혼자 오기에도 딱 혼카🫠 행복함에 부족함이 없었던 날과 순간 기록 연희공부카페 추천 카공 추천"
"감각적인 플랜테리어가 돋보이는 연희동 카페 ""보케 bokeh""","홍대 근처에서 점심 식사를 해결하고, 디저트 맛집이 있다고 해서 친구를 따라 카페를 방문했어요. 친구는 이전에 방문한 경험이 있었는데요. 커피도 맛있고 디저트가 맛있었다고 해요. 맛있는 커피 마시고 싶어서 바로 달려갔습니다. bokeh 보케 카페 주소 : 서울 서대문구 연희로 116 2층 (연희동 135-8) 연락처 : 010-7577-7554 영업시간 : 평일 11:00 ~ 20:00 / 주말 12:00 ~ 21:00 (매주 월요일 휴무) 라스트 오더 : 평일 19:40 / 주말 20:40 50m © NAVER Corp. bokeh 서울특별시 서대문구 연희로 116 2층 좌측 카페는 연희삼거리에 위치해있어요. 김밥천국 맞은편 2층이고요. 간판이 잘 안 보일 수 있습니다. 카페 입구에 귀여운 화분들이 반겨주네요. 오렌지인지 귤인지 모르는 귀여운 얘들이 달려있어요. 하얀 벽을 심플하게 꾸며놓으셨어요. 별거 아닌 것 같은데도 귀엽고 예쁩니다. 가게 안에서 이리저리 둘러보다 보니 발견한 문구. 카페 이름인 bokeh의 사전적 정의가 적혀있어요. 꽤 여러 군데 있었던 것 같은데, 천장을 잘 보지 않는데도 깨알 같은 인테리어에요. 카페는 많이 넓지 않지만, 그럼에도 테이블이 꽤 있습니다. 가지각색의 크고 작은 화분들로 인테리어를 하셨어요. 큰 유리창이 카페를 더 넓어 보이고 밝게 해줍니다. 창문 밖의 푸릇푸릇한 플라타너스 뷰도 꽤나 싱그러워요. 제일 가운데 긴 테이블 위 식물들이 눈에 띕니다. 카페에서 직접 분양 중인 식물들이에요. 원하시는 분들은 사장님께 문의하시면 됩니다. 화분들도 참 예뻐요! 안으로 쭉 늘어가면 카운터가 있어요. 메뉴판은 바로 이곳에 있답니다. 검은색 글씨가 커피, 음료 메뉴이고요. 하얀색 글씨는 디저트 메뉴에요. 디저트 맛집이라고 해서 신나게 골랐더니, 이미 오전에 모든 디저트가 sold-out 되었다고 해요. 그리고 원래 와인도 함께 있었는데요. 영업시간을 조정하면서 와인도 중지되었다고 합니다. 띠로리...... 아쉬운 마음은 접어두고 주문을 마친 후, 조금 더 카페 이곳저곳을 구경해 보았어요. 카운터 옆에도 다양한 화분들이 진열되어 있었어요. 이 아이들도 분양 중인 건지는 잘 모르겠지만, 관심 있으시다면 물어보심 좋을 듯해요. 창가 쪽 자리는 투명한 테이블로 되어있는데요. 테이블 사이에 예쁜 접시들을 무심하게 올려놓았어요. 이렇게 인테리어 팁도 하나씩 얻어 갑니다. 썸머라떼 7,000원 바질 토마토 에이드 7,000원 저희는 분양 중인 식물들 옆 테이블로 자리를 잡았어요. 준비된 음료는 사장님께서 직접 가져다주십니다. 친구가 선택한 바질 토마토 에이드에요. 절여진 방울토마토가 그대로 들어가 있어요. 하나씩 건져먹는 재미도 있답니다. 보기만 해도 시원한 음료에요. 제가 선택한 썸머라떼입니다. 원래는 바닐라빈 라테를 마시려고 했는데요. 바닐라빈 라테에 아이스크림이 올라간 게 썸머라떼라고 해요. 아이스크림 올라가있으면 더 맛있을 듯해서 골랐어요. 동그란 바닐라 아이스크림을 어찌해야 할지... 같이 주신 스푼으로 떠먹으려고 했는데 잘 떠지지 않아요. 커피 안에서 동글동글 굴러다닌다는.. ㅎㅎ 결국 커피를 잘 섞어준 후, 조금씩 마시면서 떠먹었어요. 커피 맛이 굉장히 진했고 달달했어요. 아이스크림이 있어서 더욱 단 느낌이었어요. 단맛을 좋아하신다면 추천드려요. 카페가 굉장히 깔끔했고, 화장실도 관리가 잘 되어있었어요. 사장님도 매우 친절하십니다. 인테리어도 감각적으로 잘 해놓았고, 편안한 분위기가 좋았습니다. 조용히 머물다 가기 좋은 카페인 것 같아요. 한 가지 아쉬운 점은 디저트! 못 먹어서 매우 아쉬웠답니다. ㅎㅎ 오전에 마감이라니.. 진짜 디저트 맛집인가 봐요. 다음에는 일찍 가서 한 개라도 꼭 맛보고 싶어요. 디저트를 위해서라도 재방문해야겠습니다. 연희동 근처에 계신다면 한번 들러보세요. 저도 다음에 다시 한번 놀러 가보려고요. 오늘도 읽어주셔서 감사합니다."
"[서울/연희동카페] 보케 BOKEH(서울 후르츠산도 맛집,연희동 감성 카페 추천)","서울/연희동카페 보케 BOKEH COFFEE 인스타 돋보기 둘러보는데 내 눈을 사로잡은 군고구마 산도..🍠 춘식이도 아닌데 고구마만 보면 환장하는 나🙋🏻‍♀️ 이건 참을 수 없으니 당장 연희동으로 가쟈! 결론부터 말하자면 사장님의 가장 큰 실수는 의정부에 가게를 내지 않아 후르츠산도 대주주 두명을 잃은 것. 리얼로 의정부에 있었음 1일 1산도 했습니다. 50m © NAVER Corp. 보케 서울특별시 서대문구 연희로 116 2층 좌측 서울 후르츠산도 맛집 연희동 감성 카페 “보케” 정말 후르츠산도 하나 먹겠다고 버스타고 연희동까지 가는 멋진 사람들 하지만 이 먼 길이 전혀 후회스럽지 않은 맛🫶🏻 버스정류장에서 가까워서 접근성은 좋지만 간판이 크지않아 아는 사람만 알고 방문할 듯 2층 슬쩍 올려다보면 보케라는 간판이 보인다. 계단 반층 올라가면 2층 좌측 철문이 보케 입구! 나도 여기가 맞나 싶어하면서 문 열었는데 그 곳이 보케 커피 맞습니다~^^~ 보케 영업시간은 화~금요일 11:00-20:00 (L.O. 19:40) 토~일요일 12:00-21:00 (L.O. 20:40) 매주 월요일은 정기휴무! 간판이 이렇게 작아서 못찾을만도.. 하지만 이래도 곧 만석될만큼 인기 터지는 카페 테이블 유리 밑에 그릇이랑 종이 넣었을 뿐인데 여기 있으니까 감성 넘쳐보이는거 무엇..⭐️ 식물들 그냥 줄지어 놔뒀을 뿐인데 보케에 들어오면 이것조차 감성 그 자체..💕 연희동 감성카페 대장 보케가 먹으세요😎 주로 2인 테이블 위주로 배치되어 있고 전체적으로 테이블이 10개정도 돼서 여러명이 방문하기는 어려운 듯하다. 4인테이블은 여기가 유일했던 듯?? 대부분 1~2인이 방문하는 분위기였다. 그리고 맥북 없으면 카페 못 들어오는건지 에어드롭하려고 켰는데 맥북만 3명 뜸..🥲 맥북이 요즘 MZ 필수템인가여? 집에 이렇게 화분놔뒀으면 분갈이하려고 빼둔건가? 싶을텐데.. 구석구석 귀여운 포인트들 찍어보기🌸 조명에 비친 나뭇잎 그림자조차 예뻐..🍃 보케 콩깍지가 단단히 씌어버린 듯 그리고 화장실 실내에 있어서 좋았다. 상가 공용 화장실 안써서 정말 쾌적하고 깨끗하고.. 그냥 보케 모든게 다 좋았다.❤️ 테이블마다 조명이 있는데 우리가 앉을 때는 꺼져있어서 뭘 눌러야지? 한참 찾다가 스위치 발견! 다른 분들은 한방에 찾으시라고 슬쩍 찍어왔으니 자연스레 조명 켜고 앉으세요! 자리 잡았다면 카운터에서 주문 보케 내부가 전체적으로 어두운 편인데 카운터쪽 조명때문에 따뜻한 분위기가 물씬 고구마산도랑 무화과산도 먹는다고 간건데 갑자기 딸기산도가 추가되면 어쩌죠? 한참 고민하다가 주문 완료! ⭐️우리가 주문한 메뉴는⭐️ 롱블랙 5,000원 유자민트티 6,500원 고구마브륄레산도 7,500원 딸기산도 7,500원 주문한 메뉴는 테이블로 직접 가져다주시고 음료가 먼저 빠르게 나왔다. 후르츠산도는 달달한 디저트니까 개운하게 둘 다 깔끔한 커피랑 티 종류로 주문 드디어 기다리던 후르츠산도 영접🩷 내가 진짜 얘네 먹으려고 연희동에 왔다구요.. 토치로 한번 겉면을 구워낸 고구마브륄레산도🍠 후르츠산도 시그니처 메뉴인 딸기산도🍓 사진만 봐도 퐁신퐁신한게 느껴지시나여? 요즘 유행 탕후루라고요? 앞으론 고구마브륄레 산도입니다. 고구마러버 정말 심장 떨리게하는 비주얼 마음 같아서는 하나 그대로 들고 먹고싶었지만 선주가 자신있게 잘라준다길래 나이프 내어주기 하필 제일 끝조각 들어버려서 고구마가 작아보이지만 뚱뚱이 고구마가 하나 콕 박혀있어서 크림빵맛 고구마 수준👍🏻 고구마 식감도 엄청 부드럽고 달달해서 넘 마싯쪄! 딸기산도는 솔직히 말해뭐해~🍓🍓 무화과산도 먹겠다고 가놓고 딸기산도로 바꿨으면 진짜 말 다 한거져? 딸기가 양쪽에 콕콕 박혀있고 크림도 왕 많이 들어있어서 폭신폭신 입 안에 딸기맛 구름을 잔뜩 삼킨 맛☁️ 주접 떨면서 산도 먹고있는데 갑자기 비 엄청 많이 내려서 당황..😧 하지만 금방 비 잦아져서 후다닥 나올 수 있었다. 안그랬음 보케 후르츠산도 내가 다 먹었을 듯 나도 원래 후르츠산도 포장해 갈 생각이었는데 퇴근길 지하철에서 온전히 들고갈 자신이 없어서 선주만 후르츠산도 2개 포장해서 갔다. 우리가 매장에서 못먹은 무화과산도 샀길래 집에서 먹어보고 후기 알려달라했는데 안알랴줌. 원래는 포장하면 도시락케이크통 같은데 넣어주시는데 이 날은 포장용기가 없어서 비닐에 넣어주셨다. 그와중에 예뻐보이라고 리본 묶어주신 사장님🎀 센스 정말 귀여우신거 아닌가여..? 연희동 언제 또 갈지 모르겠지만 연희동 감성카페 찾으시거나 서울 후르츠산도 맛집 찾는다면 무조건 보케 추천! 오늘도 맛있는 하루 끄읏-!"
[연희동 bokeh] 보케 Long black 커피 - 신상 카페 오픈,"bokeh 연희동 특파원 친구랑 근처에서 밥을 먹고 나서, 후식으로 먹을 카페를 찾아다녀보았다. 최근 게시물을 포함해서, 내 블로그에 올라오는 왠웬만한 연희동 카페는 이 친구랑 가는 편이다. 내일부터 엄청 춥다던데 오늘도 날이 상당히 춥더라고. 그래서 원래는 따뜻한 뱅쇼를 먹으러 푸어링아웃에 갔는데, 아니 왠웬걸. 다 나갔다고 하시더라고. [연희동 푸어링아웃] 수제 뱅쇼: pourinlg outl - 분위기 좋은 카페 수제 뱅쇼를 마시러 종종 방문을 하는 연희동 푸어링아웃. 블로그에 연희동 카테고리에서 가장 먼저 올렸던... blog.naver.com 그래서 연희동 사러가마트 옆 작은 커피가게동경도 지나치고, [연희동 커피가게동경] 작지만 분위기 좋은 카페 - 핸드드립 커피/연희점 연희동 특파원인 여사친 친구랑. 연희동 가우에서 대창 모둠을 맛있게 먹고 난 뒤에, 잠시 들릴 카페를 찾... blog.naver.com 올웨더도넛도 위치상 지나치고 나서, [연희동 올웨더도넛] 디저트 카페: 수제 도넛 맛집 - 크림브륄레/커피 매번 느끼는 것 중 하나는 카페 관련 글을 쓰게 되면, 음식점에 대해서 쓰는 것보다는 영향력이 덜하다는 ... blog.naver.com 새로운 카페인 bokeh로 가봤다. 위치는 연희동 삼거리인데, 건물 2층에 있다. 그래서 위치상 근처 프로토콜 느낌? 인테리어는 다르긴 하지만 말이다. 50m © NAVER Corp. bokeh 서울특별시 서대문구 연희로 116 2층 bokeh bokeh - 네이버 지도 영업시간은 매주 월요일 정기휴무를 제외하고는 11시부터 22시까지. 라스트오더는 21시 30분이다. 전화번호는 0507-1384-4479번. 아래와 같이, 인스타그램 계정도 있다. 연희동 보케 인스타그램 매일 그날마다 소개 메시지를 바꾸시는 건가? 싶네. bokeh_office • Instagram 사진 및 동영상 팔로워 328명, 팔로잉 5명, 게시물 39개 - @bokeh_office님의 Instagram 사진 및 동영상 보기 www.instagram.com 연희동 bokeh 2층 계단을 올라서 문을 열고 들어가면, 이런 느낌의 카페가 나온다. 보케 나중에 사람이 없을 때 찍어보았는데, 이렇게 넓은 통 유리 창이 있어서 기분이 좋다. 바람에 따라서 나뭇잎이 흔들리는 것도 볼 수 있거든. 낮에 오면 더 좋겠더라고. bokeh 퀴즈처럼 곳곳에 붙어져있는 BOKEH 글자도 찾는 재미도 있고. 연희동 보케 와인 와인잔, 접시 등 이거는 인테리어 소품이 아니라 실제로 사용하시는 것 같기도 하고. 아 참 여기 와인도 판매 중이다. 그리고 작은 디테일들도 보이고, 의자도 동그라미, 삼각형이 묘하게 조합된 특이한 모습. 카페 보케 주문은 이쪽에서 받으신다. 아 참 사장님과는 주문을 할 때, 몇마디 나눈 것이 전부이지만. 친구와 함께 상당히 친절하시다는 느낌을 받았다. 이거 오른쪽 사진이 뭔가 좋더라. 꽂혀있는 친구의 카드 덕분?인 것 같기도 하고. 흠. 메뉴는 아래와 같다. bokeh 메뉴 레어치즈케이크 6,800원 / 우유푸딩(판나코타) 6,500원 바닐라소다 6,500원 / 얼그레이 하이볼 8,500원 플랫화이트 5,000원 티라미수, 판나코타 등 디저트 메뉴도 있고. 레드/화이트/스파클링 와인 및 브리치즈도 있다. 나는 롱 블랙(5,000) 아이스를 시키고, 친구는 오늘의 로네펠트 티(6,500원)를 주문했다. 참고로 메뉴판에 보면 붉은색 동그라미 표시가 보이는데, 이게 대표적인 시그니쳐 메뉴로 보이더라. 스몰라떼랑 판나코타. 카페 보케 카페 와이파이 비밀번호도 세번이나 적혀져 있더라. 카페 와이파이 비밀번호도 세번이나 적혀져 있더라. 카페 와이파이 비밀번호도 세번이나 적혀져 있더라. 연희동 카페 음료는 자리에 가져다 주셨다. 이렇게 사진을 찍고 있으니깐 친구가 한 마디 거든다. 밑에 쟁반 치우고 찍어야한다고. ""맞다 맞다 까먹었다 와 니 잘 아네"" 라는 나의 감탄사와 함께, 사진도 다시 찍어본다. 연희동 신상 카페 그래그래. 이래 찍어야지. 친구와 함께 이런저런 얘기를 나눈다. 배가 엄청 불렀는데, 이야기를 해서 그런가 배가 꺼지는 기분이 든다. 커피 맛있게 잘 마셨네. [연희동 bokeh] 보케 Long black 커피 - 신상 카페 오픈 재생 0 좋아요 0 00:00 00:00  접기/펴기 [연희동 bokeh] 보케 Long black 커피 - 신상 카페 오픈 카페에서 들리는 노랫소리와 바람의 흔들리는 나뭇잎. 참고로 보케(bokeh)를 네이버에서 검색해보면, 이런 사진이 나온다. 사진 초점에 따라서 배경에 생기는 ""빛망울"" 같은 거. 보케 뜻 보케 - 나무위키 1. 바보, 멍청이라는 뜻의 일본어 단어 ボケ ボケ 일본 만담 에서 멍청한 말, 엉뚱한 말을 하는 것을 보케라고 한다. 이것을 지적하는 게 츳코미 . 치매 를 뜻하기도 한다. 오와라이 콤비중에서 이야기의 진행만을 제외하고는 극의 중심이나 웃음 포인트를 담당하는 경우가 많으며 츳코미를 담당하는 사람보다 대체적으로 더 먼저 주목받는 경우가 흔하다. 요즘은 원래의 포지션으로서의 의미보다는 캐릭터의 속성 의 쪽으로 자주 쓴다. 보케 속성 캐릭터 에 관해서는 해당 항목으로. 비슷하게 천연 속성은 천연 보케에서 유래했다. 가끔 츳코미를 안당하... namu.wiki 이 카페도 그런 뜻인가. 다음에 또 와봐야지."
[서울/연희동] 식물이 가득한 연희동 카페 bokeh 보케 커피,"Review 위치 : 서울 서대문구 연희로 116 2층 좌측 영업시간 : 평일 11:00 - 20:00 | 주말 11:00 - 21:00 정기휴무 : 매주 월요일 매장 외관 bokeh 서울특별시 서대문구 연희로 116 2층 좌측 연희동 카페 찾아보다가 발견한 [ bokeh(보케) ] 간판 찾다가 어딘지 몰라서 그냥 지나칠뻔 2층에 위치해 있으니 위를 보고 가세요 ! 매장 내부 매장 내부 인테리어가 너무 예뻐서 1보 1찰칵을 실현한 나 화이트 + 레드 조합이 이렇게 예뻤던가요 게다가 유리창 밖으로 초록초록뷰를 볼수있어 더욱 좋았던 곳 💚 매장 문을 열고 들어서자마자 보이는 풍경 예쁘고 귀여운것들이 테이블 위 가득 식물 좋아하는 나에게 안갈 이유가 없던 카페 많은 식물들 속 이 아이가(?) 가장 귀여워서 자세히 보니 아보카도 씨앗 키우는중이라네 ? 작고 하찮고 너무 사랑스럽다 . . 🥑 매장 모든 공간이 감성 백스푼 직원분들이 모두 남성분이었던것 같은데 이런 인테리어 감각 어떻게 갖고 계신가요 너무 부럽네요 메 뉴 판 매직으로 쓰윽 쓰윽 써놓은 메뉴판 사실 산도 맛집으로 알고 온 곳이라 음료는 딱히 기대를 안하고 왔는데 내가 좋아하는 플랫화이트도 있자나 ? 목 말라서 물 한잔 챙겨왔는데 물잔 마저 귀여울 일인가 메뉴 소개 내 생일날 방문했던 [ bokeh (보케) ] 한상 ✨ 생일에 방문해서 다 맛있길 바랬는데 일단 비주얼은 합격 드릴게요 샤인머스켓 산도 7,000원 무화과를 먹을까 살짝 고민했지만 요즘엔 샤인머스켓이 조금 더 좋더라구요 ? 근데 사진 무슨 일이야 . . 너무 못 찍었는데 모든게 내 뜻대로 되면 그건 인생이 아니지. 크림이 느끼하지도 너무 달지도 않아서 마음에 들었어요 ‘ 샤인머스켓 산도 ’ 라기엔 살짝 과일이 너무 적게 들지 않았나 ? 라는 생각이 조금 들던 그래도 식빵이 퍽퍽하지 않고 너무 촉촉해서 맛있게 먹었습니다 💚 플랫화이트 5,000원 이 자그맣고 귀여운 녀석이 한입컷이지만 항상 내가 주문하는 플랫화이트 한손에 쏘옥 들어오는 크기의 컵에 가득 채워져 나오는 플랫화이트 함께 주시는 스푼으로 조심히 저어가면서 드세요 커피향과 우유의 비율이 너무 적절하게 섞여있어서 맛있더라구요 “ 산도 + 플랫화이트 ” 조합 추천합니다. 연희동카페 찾으신다면, [ bokeh ( 보케 ) ] 어떠신가요 ? bokeh_coffee • Instagram 사진 및 동영상 팔로워 2,097명, 팔로잉 1명, 게시물 37개 - @bokeh_coffee님의 Instagram 사진 및 동영상 보기 instagram.com"
연희동 플라타너스 뷰가 보이는 감각적인 카페💠 보케(bokeh),"※이 글은 2022년 10월에 방문하여 작성한 글입니다. 연희동 감각적인 디자인이 돋보이는 카페 보케 bokeh cafe 가좌역 /홍대입구역 보케 영업시간 매일 11:00 - 22:00 마지막 주문 21:30 월요일 휴무 가좌역 /홍대입구역 보케 전화번호 0507-1384-4479 가좌역 /홍대입구역 보케 위치 · 인스타 50m © NAVER Corp. bokeh 서울특별시 서대문구 연희로 116 2층 bokeh_office • Instagram 사진 및 동영상 팔로워 194명, 팔로잉 4명, 게시물 13개 - @bokeh_office님의 Instagram 사진 및 동영상 보기 www.instagram.com 10/29일, 새롭게 가오픈을 알린 카페 보케. 연희동에 위치한 보케는 큰 대로변 2층에 위치했고 그다지 눈에 띄지는 않는 곳이라서 미리 알아보고 찾아오는 게 아니라면 우연히 들어가기 쉽지 않은 카페였던 것 같다 연희동 bokeh 재생 24 좋아요 0  접기/펴기 연희동 bokeh 보케의 내부공간. 기대했던 것보다 훨씬 넓은데 좌석도 많았고 독특한 테이블과 의자, 빈티지한 느낌이 물씬 나는 짙은 와인색의 바닥이 눈에 띄었다 게다가 창가 쪽에 마련된 공유테이블은 밖에 심어진 플라타너스 나뭇잎이 테이블에 은은하게 비쳐서 영롱한 느낌! 마음에 들지 않는 구석이 하나도 없는 공간이었다 초점이 맞지 않아 뿌옇게 보이는 사진 효과라는 뜻을 가진 카페 '보케'. 사진에 대해 관심이 많지만 처음 들어보는 용어라서 카페 보케를 알아보며 무언가를 배워가는 것 같았다! 연희동 보케 재생 12 좋아요 0  접기/펴기 연희동 보케 감각적이면서도 차분한 감성이 돋보였던 보케. 공간 안에서 흘러나오는 선곡들도 카페분위기와 잘 어우러져서 좋았다 잔잔한 분위기 안에서 흔들리는 플라타너스 잎들을 보고 있자니 평일에는 혼자 와도 충분히 좋을 듯한 공간이었다 책을 읽거나 생각을 정리하러 와도 좋고 큰 테이블에서는 노트북 작업을 해도 베스트였다 연희동 보케 메뉴, 연희동 보케 가격 연희동 보케 메뉴판 보케의 메뉴판을 보니 커피와 음료, 그리고 간단한 디저트와 스몰디쉬가 준비되어 있었다 아직 가오픈 단계고 오픈 첫 날이라 모든 준비가 되어 있지는 않은 것 같았다 나는 이 날 추천해주신 바닐라빈 라떼(6,000won)와 평소 좋아하는 라떼(5,500won), 디저트로는 라즈베리 판나코타(6,000won)를 주문했다 라떼, 바닐라빈 라떼, 판나코타 with 라즈베리 카페 가구들이 독특하고 예뻐서 만족스러운 커피 사진을 건질 수 있어 좋았던 보케. 무엇보다도 독특한 삼각형 의자와 개성있는 타일이 마음에 들었다 라떼 라떼는 우유 위에 얹어진 에스프레소 샷이 한 눈에 봐도 상태가 좋아서 기대했는데 고소한 맛이 잘 느껴져서 좋았다! 공간도 예쁜데 커피까지 맛있다니+_+ 바닐라빈 라떼 아래 깔린 시럽을 잘 저어서 마시면 되는 바닐라빈라떼. 바닐라빈 특유의 풍미와 달달한 맛이 확 올라와서 당이 충전되는 기분이었다 과하게 달달한 느낌이 아니고 라떼와 자연스럽게 조화가 되는 맛이라 맛있게 마셨다 라즈베리 판나코타 판나코타 위에 라즈베리 청이 올라간 메뉴. 일반 판나코타와 라즈베리 판나코타가 준비되어 있었는데 새콤한 판나코타가 땡겨서 주문했던 디저트였다 부드럽게 으깨지는 판나코타와 새콤달콤한 라즈베리가 잘 어울렸던 판나코타! 판나코타 자체는 우유 맛이 강해서 취향은 아니었는데 라즈베리 소스와 함께 먹으니까 맛있었다 간단하게 먹기 좋은 디저트라서 푸딩 종류 좋아하면 추천하고 싶은 메뉴였다 마지막으로 오픈 날이라서 주신 흑임자떡. 고소하고 쫀득한데 담백하니 개업떡도 맛있었음! 앞으로 빛바랜 와인색을 보면 떠오를 것 같은 카페 보케. 멋진 공간과 맛있는 커피, 감각적인 분위기까지 만족스럽게 카페투어했던 곳 중 하나라서 연희동 카페 탐방할 때 방문해봤으면 좋겠다"
"연희동 | 보케, 데스툴 :: 강아지 동반 카페 추천","오늘은 낮과 밤이 같아지는 때인 '춘분'인데요, (박연진 버전) 개 뿌찌와 연희동 데스툴과 보케를 다녀왔다. (슈의 언어축지법 ㅋㅋㅋ) 언제나 #내돈내산!! Der Stuhl 📍 서울 서대문구 연희로25길 98 2층 📞 0507-1382-3421 🚗 주차 공간 협소 ⏰ 매주 월요일 휴무 영업시간 11:00 ~ 21:00 여기가 연희동의 베를린..? (ㅎ) 데스툴은 독일어로 '의자'라는 의미이다. 힙한 장소답게 무려 반려동물 동반 가능 카페🖤 들어가기전 부랴부랴 찍어본 외관. 1층에는 강아지 용품 샵. 카페에 주차는 2대정도 가능해보였고, 만차였다. 나는 갓길에 주차했다. 데스툴 메뉴. 개 뿌찌 허리도 살짝 찍힘. 😉 카쓰는 아메리카노 연하게. 음료가 나오면 번호를 불러주시는데, 사장님이 센스있게 강아지 마실 물까지 가져다주셨다. 감사합니다. 🥹 종이컵도 힙하다면서. 코스터. 가본적 없지만 가보고싶은 베를린. 친구가 배경이 예쁘다며 찍어줌. 목련이 피어나고 있다. ☁️ 밑에 간나지 있어요. 자유로운 공간에서 강아지와 편안하게 있다올 수 있어서 대만족이였던 시간. Bokeh 📍 서울 서대문구 연희로 116 2층 좌측 📞 010-7577-7554 ⏰ 매주 월요일 휴무 영업시간 평일 11:00 ~ 21:30 주말 12:00 ~ 21:30 다음 '힙한 장소, 강아지와 함께' 코스로 2층에 위치한 보케. 이 곳도 힙한 장소 필수(?)답게 무려 반려동물 동반 가능이다. 🖤 1층에 고양이~ 보이는 그 곳 계단으로 올라가시면 됩니다... 🐱 문을 열면 예쁜 조명과 식물, 통유리창이 보인다. 보통아이요. 사장님 감각이 느껴지는 공간. 🍋 주차는 데스툴 골목 갓길에 하고 걸어왔다. 보케 메뉴. 개 뿌찌 다리 출연. 개 뿌찌 물 마시라고 챙겨주셨는데, 강아지 물잔도 보통아이요. 사장님 배려 감사합니다. 🥹 타일이 특이했는데, 알고보니 40년이 지난 옛날 타일을 보존하여 인테리어 하신거라고 한다. 예쁜 식물들이 많았는데, 강아지와 갔더니.. 블로거의 신분을 잊고 사진을 별로 못찍었다. 가드닝에도 능하신지 #아스파라거스나누스 이 식물이 많았는데, 다 풍성해보였다. 커피를 마시고 와서 와인을 마시기로 했다. 물론 나는 눈으로만. 아니 혀로만. 칠링백까지 갓벽. 와인이랑 너무 잘 어울리는 디저트였다. (나처럼 그냥 먹어도 짱 맛있음..) 디저트는 직접 만드신다고 한다. 애미의 수다 타임이 지루한 개 뿌찌. 개 뿌찌는 지금 미용실패로 흑역사(요즘도 이 말 쓰나) 보내는 중.. 내 눈엔 그래도 예쁘지만 애미가 미안하다. 🥲 #아인슈타인컷 다음엔 커피 마시러 가보고싶은 보케. 차분하고 여유로운 분위기라 혼자 가기에도 좋을 것 같다. 실제로 혼자 온 분들이 많았다. 맛있는 애동카페는 사랑입니다. 🤍 bokeh 서울특별시 서대문구 연희로 116 2층 좌측 데스툴 서울특별시 서대문구 연희로25길 98 2층 포케 맛있음. (슈의 언어축지법)"
[연희동 카페 보케 bokeh] 산뜻하고 차분한 플라타너스 뷰 & 커피 맛집,"포셋, 글월 구경하고 한껏 좋아진 기분에는 역시 맛있는 커피였다. 연희동에도 궁금한 카페가 너무 많아서 어디를 가볼지 심각하게 (but 짧게 ㅎ) 고민했는데~ 어쩐지 사진으로 느껴지는 분위기가 커피가 끝내주게 맛있을 것 같은 카페였고, 또 창밖 뷰가 너무 시원해보여서 방문하게 된 곳, #연희동카페 , #보케 bokeh 다.✨ 50m © NAVER Corp. bokeh 서울특별시 서대문구 연희로 116 2층 11:00 ~ 22:00 격주 월요일 정기휴무 bokeh_office • Instagram 사진 및 동영상 팔로워 273명, 팔로잉 4명, 게시물 31개 - @bokeh_office님의 Instagram 사진 및 동영상 보기 instagram.com 다녀와서 보니 11월 1일에 오픈한 따끈따끈한 뉴 카페였다. 핫플 레이더가 또 잘 돌아갔구만😎 롱블랙과 라떼, 플랫화이트, 바닐라빈라떼, 그리고 여기 보케만의 특별한 #스몰라떼 가 있다. 디저트 메뉴인 판나코타, 시즈널 스몰 디쉬인 보늬밤도 너무너무 궁금했지만..! -> 다음에 또 올 거니까 그때로 미뤄두고요😌 공간의 어떤 부분은 사색에 특화된 카페스럽고, 또 어떤 부분은 분위기가 곧 안주인 바 같았던 보케. 에스프레소 머신과 와인 잔의 근사한 공존이다. 그리고 내가 여기에 꽂히게 된 큰 이유, 이 플라타너스 초록 뷰👋 그저 대로변으로 난 창이지만, 큰 잎의 플라타너스가 두 팔 활짝 벌려 품어주는 듯한 느낌! 시원하면서 차분해지는 이 뷰가 너무 좋았다. 집 근처, 회사 근처였으면 여유날 때마다 노트북이나 책 한권 들고 왔을 텐데! 연희동이 더 좋아져버렸다. 이 날 마신 건 #연희동보케 의 시그니처 커피인 스몰라떼였는데, 연유+에스프레소 조합으로 찐하게 씁슬하면서도 또 찐하게 단 연유가 부드럽게 감싸는 고급스러운 맛🤍 에스프레소 답게 물을 함께 내주시는 것도, 잠시 화장실 다녀온 사이 음료가 나와 다시 오셔서 스푼을 바닥에 놓고 시계방향으로 딱 열 번 저어서 마시라고 알려주신 친절한 사장님도 참 좋았다! 다음엔 더 늦은 오후에 와서 커피부터 와인까지, 디저트도 곁들이며 오래 머물고 싶다. 그러니 번창하소서🙏"
[ 연희동 카페 ] 보케 BOKEH에서 와인 한 잔,"동네에서 간단하게 와인 한잔할 만한 카페 없나? 두리번거리다 갑자기 생각난 곳이 있었다. 지인에게 추천받았던 곳, 카페 보케 연희동 카페 [ BOKEH ] 50m © NAVER Corp. bokeh 서울특별시 서대문구 연희로 116 2층 좌측 월요일 휴무 11:00 - 21:30 (라스트 오더 21:00) 반려동물 동반 가능 주차불가 처음에는 BOKEH를 BOKEN이라고 읽어서 아무리 뒤져도 후기가 안 나왔다.. 간판도 딱히 보이지 않고 해서 여기가 맞나..? 여기가 맞나? 이러다가 슬금슬금 올라오니 보이는 글씨. 맞나 보다 하고 들어왔더니 생각보다 널찍한 내부가 눈에 들어왔다. 손님이 곳곳에 많아서 정말 널찍하게 찍지는 못하고 소심하게 가운데만 찍어봤음.. 카페 같기도 하고 와인바 같기도 한 보케의 내부였다. 이미 바에 와인잔의 정렬이 좌르륵 바에 앉아서 한잔하시는 분들도 계시는 듯! 우리가 갔을 때는 뭔가 친해 보이시는 분들이 앉아계셨다. 원래는 바 자리를 좋아하기는 하지만 보케에서는 약간 부담스러운 느낌이 좀 있더라. 너무 밝아서인 거 같기도 하고 바 자리보다는 음료 준비하시는 공간이라는 느낌이 더 크기도 하고! 아무튼 우리는 창가 자리에 앉기로 했다 무려 김밥천국 뷰~ ㅋㅋㅋㅋ 테이블 사이 공간에 전시된 것처럼 놓여있던 접시가 인상적이다. 주문한 지 얼마 지나지 않아 나온 메뉴들 :) 카페라테와 화이트 와인이 먼저 나왔다. 메뉴를 찍어보니 보케가 잘 나오는 게 그래서 보케라고 지으셨나? 하는 생각도 잠깐 들 때쯤 이어서 곧 나온 치즈케이크에는 마치 만화 같은 딸기 하나가 올려져 있었다. 아주 귀엽구먼 라테아트를 보면 대강 알 것 같은 느낌이 있다. 이곳이 커피를 얼마나 하는지 이런 느낌?ㅋㅋ 100퍼센트의 확률은 아니지만 이 정도 퀄의 아트가 나오면 맛이 평균 이상이더라고 역시나 맛이 괜찮은 편이었다. 와인은 보통 그리고 좀 인상 깊었던 건 치즈케이크였는데 젤라틴이 살짝 들어간 건지 아주 탄력이 그냥 ㅋㅋㅋ 띠용띠용한 탄력.. 어휘력 무슨 일이니 연희동 보케 재생 21 좋아요 0 00:00 00:15  접기/펴기 치즈케이크 그냥 동영상으로 첨부합니다.. 너무 과하지 않고 적당한 농도라 부담스럽지 않고 가볍게 먹기 좋았다. 완전 꾸덕한 치즈케이크에 진심인 분들은 뭐라 할 수도 있겠지만 이런 가벼운 느낌의 치즈케이크가 먹고 싶을 때가 있는데 사실 잘 없다고요? 와인을 하시는 것에 비해 영업시간이 조금 아쉽긴 하지만, 일행은 커피, 나는 와인 한 잔 간단하게 먹고 싶다면 추천한다. 곳곳에 세세하게 신경 쓰신 느낌이 돋보였던 연희동 카페 보케, 군더더기 없고 무던하게 깔끔한 느낌의 카페를 좋아한다면 가볼 만한 것 같다. 띠용때용한 가볍고 맛난 치즈케이크 추천- 진한꾸덕 좋아하시는 분께는 비추천-"
연희동 조용한 카페 추천 보케 (Bokeh),보케 (Bokeh) 연희동의 조용한 카페 추천 #보케 #연희동카페 #연남동카페 연희동에서 가보고 싶던 카페 리스트를 뒤져보다가 이번에 찾아가보게된 카페 보케 보케는 빌딩 2층에 위치하고 있는데 조금 허름해보이는 단계을 올라가 조금 의심스러운 문을 열면 분위기가 전환되면서 카페 보케의 내부가 나온다 생각했던 것보다 넓은 내부라서 조금 놀랐던 것 같다 제일 안쪽에 위치한 카운터 겸 주방은 스틸재질로 되어 있어서 차갑지만 시원한 무드를 내준다 공간 중앙에는 다인석의 길고 넓은 직사각형 테이블이 있는데 빨간색의 의자들이 공간 자체의 포인트가 되서 인테리어 전제적인 분위기가 이 중앙 좌석에서부터 나오는 것 같았다 중앙테이블이외에는 2-3용 좌석이 벽과 창을 따라 배치되어 있는데 창에 커서 음료마시면서 창밖 뷰 구경하는 재미도 있다 그리고 다름 연희동 카페들에 비해 손님도 적고 조용한 편이라 진짜 방해 안받고 평온하게 있을 수 있었다 내가 자꾸 여기저기 돌아다니면서 사진을 찍어서 이 조용한 공간에서 오히려 내가 방해의 중심.. 내가 앉았던 좌석은 창가쪽 자리 안쪽 좌석인데 좌석앞에 나무도 있어서 신선한 느낌도 있고 미묘하게 카운터에서 시야 사각지대라서 혼자 꾸물쩍대기 좋은 곳이다 혼자 온 손님들에게 이 좌석을 제일 추천한다 공간에 작게 또는 크게 식물들이 많이 놓여져있어서 구경도 하고 사진을 찍어도 예쁘게 나와서 좋았다 카페 보케 #보케 #연희동카페 #연남동카페 #서울카페추천 m.blog.naver.com 카페 보케 메뉴판 아메리카노 5000원 카페라떼 5500원 바닐라빈라떼 6000원 썸머라떼 6000원 레어치즈케이크 6800원 내가 주문한 메뉴는 카페라떼와 치즈케이크 치즈케이크 위에 노란색의 상큼해보이는 아이싱과 레몬조각이 올려져있어서 사진을 마구 찍고 싶은 욕구가 생긴다 먹기 아까운 비쥬얼.. 내 자리 너무 만조쿠했던 카페 보케 주말에 책 한권 가져와서 커피 마시기에 딱이었던 공간이었다 연희동에서 평온한 시간을 보내고 싶다면 영업시간 화 - 금 11:00 - 21:30 토 - 일 12:00 - 21:30 주소 : 서울시 서대문구 연희로 116 2층 bokeh 서울특별시 서대문구 연희로 116 2층 좌측
연희동 분위기좋은 신상카페 플랫화이트 맛있는 bokeh (보케) 내돈내산,안녕하세요 웰컴투앨월드 :) 연희동에 신상카페가 생겼다고 해서 가보게 되었어요! 우리 멀바바 스파하는 #잔다냥연희점 옆집에 생긴 #bokeh 입니다! (신상카페 좋앙) 어맛 보케 카페 분위기 무엇이지요? 이런느낌의 카페는 처음이에요! 주문은 제 친구들이 했으므로 저는 사진을 열심히 찍어봅니다! 분위기 미쳤어요! 환하지 않은데 어둡지도 않고 따뜻하지 않은데 차갑지도 않아요 (이게 뭔 소리래 ㅎㅎ) 과하지도 덜하지도 않은 뭔가 묵직한 철제 인테리어가 저는 참 인상 깊었어요! 이런걸 힙하다 하나?? 중간중간 플랜테리어도 너무 맘에 들어요! 메뉴를 보니 와인도 판매합니다 카페겸 와인바군요! 제가 술은 잘 못마시지만 보케 같은 분위기에서 와인한잔 하면 좋을거 같단 생각이 들더라구요! 출처: 영화 리틀포레스트 메뉴판을 보디보니 눈에 띄는 메뉴가 있었어요 바로 영화 #리틀포레스트 에 나왔던 #보늬밤 인데요! 보늬밤 같은건 사먹어야지 어떻게 해먹냐 하고 기억속에 봉인해뒀던 보늬밤이 보케에 있네요! 이날은 곰탕을 엄청 처묵하고 가서 아쉽지만 못먹었습니다 흑흑 그치만 담에 꼭꼭 먹어보겠습니다! 철제가구가 이렇게 따뜻한 느낌을 낼수 있구나 바닥이 빈티지 자주색인데 촌스럽지 않구나 생각하며 여기저기 사진 찍다보니 주문한 메뉴가 나왔습니다! 얼죽아인 저의 #아이스플랫화이트 커피맛 까다로운 친구의 #플랫화이트 궁금한건 못참는 친구의 #판나코타 판나코타 (panna cotta) 우유 크림으로 만들어진 이탈리아 디저트 저는 촌스럽지만 판나코타를 처음 먹어봤는데 바닐라빈이 입안 가득 행복해지는 맛이였어요 그리고 제가 주문한 플랫화이트는 어머나!!! 이집 커피 잘하네!! 이집 #커피맛집 일세!! 제 친구가 커피맛 엄청 까다로운데 너무 맛있다 이집 잘한다를 연발하며 원샷했어요! ㅎㅎ 카운트테이블이자 커피작업대인 저 곳에서 이 기막힌 플랫화이트가 제조되더라구요! 티라미수 저는 이런 느낌의 티라미수는 처음 먹어봤어요 엄청 촉촉하고 부드러운데 많이 달지 않아서 맛있었고 가오픈 서비스로 주신거라 더 맛있었답니다 후훗 커피맛에 진심인 편이라 커피맛만 보장된다면 분위기 안보고 무조건 가는데 보케는 커피도 맛있는데 분위기도 좋아요 저는 재방문의사가 무조건 있답니다 담에 방문해서 보늬밤과 롱블랙을 마셔보고 그 다음엔 바닐라빈 라떼 마셔볼거에요 맛있는 커피한잔에 행복했던 완전 #분좋카 #연희동보케 카메라기법중에 몽환적인 느낌나는 보케기법으로 찍은 사진 좋아하거든요 그래서 카페이름이 보케인가 잠깐 생각해봤어여! 그럼 이만 포스팅을 마치겠습니다!!
"연희동 1일 투어-브런치 맛집 쿳사, 엽서 편집샵 포셋, 카페 보케, 니도 로스터리","어쩌다 보니 평일 낮에 시간이 되어서 연희동을 다녀왔습니다. 사람이 많지 않은 곳을 찾다 보니 집에서 그리 멀지 않기도 하고, 적당히 괜찮은 음식점들도 많을 것 같고 해서 연희동을 택해서 출발했습니다. 역시 아주 무더운 날이었고, 걷다가 진이 빠지는 날이어서 뭐만 보이면 어디에 들어가고 나오고 반복하며 많이 걸었던 하루였어요. 쿳샤의 브런치 요리 일단 배부터 채우고 돌아다니자고 해서 출발할 때 예약하고 브런치 맛집 쿳사로 갔습니다. 기본이기도 하고 대표 메뉴이기도 한 쿳사 베네딕트를 필두로 블랙 콘 프릿터&칠리콘까르네, 문어 카펠리니 콜드 파스타를 주문하고 에이드 두 잔을 시켜서 셋이 나눠 먹었습니다. 다 맛있고 개성이 있었습니다만, 그래도 아는 맛이 최고라도 베네딕트가 가장 맛있었어요. 양은 가격 대비 많지도 적지도 않았던 것 같고, 입이 짧은 세 사람이 먹기에는 충분한 양이었습니다. 나올 때쯤에는 배가 불러서 늘어져 한잠 자고 싶은 기분이었어요. 이제 걷기 시작인데 말이죠. 보케 간판 식사를 했으니 이젠 길을 따라 걷다가 보이는 편집숍이나 옷가게를 소소하게 구경하다가 카페로 향했습니다. 처음부터 점 찍은 곳은 보케라는 곳이었는데, 아니 점심 직후라 그런지 만석! 주인분께서 친히 자리를 마련해보려고 애써 보셨지만 아무래도 견적이 나오지 않아 아쉽게 물러났습니다. 카페가 있는 2층으로 올라가는 곳은 허름한 동네 목욕탕 입구 같은데, 카페 문을 열고 들어가면 세련되고 예쁜 공간이 나와서 더 인상적이었어요. 아쉬움을 뒤로 하고 나와, 검색해서 걸어간 곳이 니도 로스터리였습니다. 니도 로스터리 즉석에서 검색해 찾아간 곳이었지만, 독특한 메뉴와 깔끔하고 정갈한 실내가 인상적인 곳이었습니다. 바질토마토 에이드와 바질토마토 소르베, 그리고 아메리카노를 시키고 작은 군것질거리도 같이 해서 먹었습니다. 바질토마토 에이드 엄청 맛있었고, 말린 토마토가 담가져 있어서 색달랐어요. 바질토마토 소르베도 더위에 지친 우리를 시원하게 채워주는 맛이었습니다. 커피도 맛있었고요. 발코니에 식물들도 많고 목재가구 느낌의 따스함과 철제 탁자의 시원함이 공존하는 공간이어서 재미있었습니다. 굉장히 조용한 분위기였고, 혼자 와서 책을 읽거나 노트북을 열어놓고 작업하는 사람들이 많아, 우리도 조용히 소곤거리며 대화를 나누었습니다. 포셋 나와서 또 길을 따라 걸으며 일행이 관심 있는 곳이면 이곳저곳 기웃거리다 포셋이라는 곳을 검색해 찾아갔습니다. 엽서 박물관이라고 해야 할지 편집샵이라고 해야 할지, 하여간 문을 열고 들어가자 어마어마한 엽서들이 기다리고 있더군요. 저는 딱히 뭔가를 수집하는 것은 없지만, 그래도 책을 사거나 하면 사은품으로 주는 엽서는 모아두고 있고, 여행을 가거나 하면 꼭 엽서를 챙겨 사오는 편이라서 이렇게 많은 엽서를 보니 눈이 휘둥그레지더라고요. 크기와 용도와 스타일이 천차만별인 엽서들이 죽 전시되어 있고 골라 살 수 있어서, 셋이서 각자 마음에 드는 걸 고르느라 한참을 머물렀습니다. 아무래도 가격이 일반적인 기준에서 저렴한 편은 아니지만, 시선을 사로잡는 엽서들이 많아 거의 눈물을 머금고 취사선택해야 했답니다. 흥미진진했습니다. 다음에 또 와야지 생각했어요. 보케 그렇게 한참을 구경한 다음, 우리는 다시 의기투합하여 아까 미처 못 가본 카페, 보케를 재방문했습니다. 식사 시간이었지만 아직 배가 고프지 않아, 카페를 간 건데, 그렇다 보니 이번엔 아주 한적했어요. 들어가서 자리를 잡고 앉아보니 더 감성카페입니다. 인테리어, 식물과 물품 배치 등이 굉장히 감성적이고 심플하면서도 멋들어지더라고요. 복숭아티와 아포가토, 멜론 푸딩과 복숭아 푸딩을 시켜 먹었는데(이번엔 제가 주문한 게 아니라, 메뉴 이름은 정확하지 않습니다), 모양부터가 예술입니다. 저절로 사진을 부르는 모양이라고 할까. 그리고 맛도 예술입니다. 주인분도 친절하시고, 사진을 찍고 있으니 조명을 활용하라며 팁까지 주셨지요. 포셋에서 사온 엽서를 서로 구경하고 오늘 즐거웠던 장소에 대해 이야기도 나누고, 일상의 이런저런 이야기들을 나누다 카페를 나왔어요. 그다음엔 홍대입구역까지 걸었어요. 식사는 들어가는 길에 간단하게 때우기로 했고, 워낙 더워서 땀은 좀 흘렸지만, 만족스러운 공간을 누렸기 때문에 상당히 즐거운 하루였답니다. 오늘 들렀던 쿳사, 니도 로스터리, 포셋, 보케, 모두 연희동에 가시는 분들께 강추하고 싶습니다. 흥미진진하고 만족스러운 여정이었습니다. 300m © NAVER Corp. 쿳사 연희 서울특별시 서대문구 증가로 48 예약 bokeh 서울특별시 서대문구 연희로 116 2층 좌측 니도 로스터리 연희 서울특별시 서대문구 연희로 190 102호 포셋 연희 서울특별시 서대문구 증가로 18 3층 305호 포셋 예약"
연희동 2층 카페 - 보케 카페,"연희동 2층 카페 보케를 다녀왔습니다 요즘 연희동은 2층에 카페들이 많이 생기고 있어요 1층도 좋지만 2층도 나름 매력이 있는 것 같습니다 저번에 갔던 고유도 2층에 위치해 있습니다! 연희동은 아파트가 많은 게 아니라서 2층도 참 매력적인 곳이 되는 게 연희동입니다 연희동 신상 카페 추천 - 고유 (ko'u) 연희동 신상 카페 고유를 소개해 드릴게요! 2층에 위치해 있는 고유 카페입니다 로스터리도 하시고 해서 커... blog.naver.com 요즘 제가 커피를 마시면 잠을 못 자서 커피를 시키지 못했습니다 추천받은 라즈베리 에이드랑 후르츠 산도를 시켰어요 ~! 들어가자마자 가득 찬 카페에 살짝 놀랬습니다! 분위기가 좋아서 많은 분들이 직접 찾아서 오시는 것 같더라고요 주문하는 곳은 벌써 크리스마스 분위기가 물씬 풍기더라고요 ^^ 귀여운 인형에 센스 있는 메뉴판에 사람들이 좋아할 수밖에 없는 그런 분위기였습니다 아기자기한데 편안한 분위기 ?! 창가에 있는 테이블들도 센스 있게 밑에 디피가 되어 있더라고요 제가 갔을 때는 사람들이 가득 찼었는데 나올 때까지도 계속 사람들이 들어왔어요 연인들끼리도 많이 오고 혼자서도 오시더라고요 저처럼 ^^ 저는 강아지와 함께 갔습니다 혼자 와서 책을 읽고, 글을 쓰고 하는데 참 분위기가 좋았습니다 보케 카페에서 유명한 후르츠 산도입니다! 크림이 많이 들어가 있었지만 느끼하지 않았어요 달달하면서도 맛있는 후르츠 산도였습니다 라즈베리 에이드랑 잘 어울렸어요 저녁이 되니 어둠이 찾아오면서 보케 카페도 더 예뻐지더라고요 분위기도 더 좋고 ... 혼자서 힐링하기에 너무 좋았습니다 왜 그렇게 인기가 있는지 알겠더라고요 중간중간에 향도 피워두어서 냄새도 좋고 ... 저는 정말로 만족한 카페였습니다 귀여운 제 아이랑 함께 같이 보냈습니다 여기 직원분이 예뻐해 주셔서 제 기분이 더 좋았어요 ^^ 사람들이 한번 빠지고 찍은 사진입니다 주변에 초록 초록한 식물들이 있어서 더 기분이 좋은 것 같아요 점점 초록색이 좋아지는 나이 같습니다 아 그리고 노래 선곡들도 참 좋아요 그래서 혼자여도 좋은 보케 카페입니다 중간중간에 사진을 찍을 수 있게 해두어서 너무 좋았어요 그 와중에 저만 바라보는 강아지 사랑할 수밖에 없습니다 ^^ 정말로 껌딱지처럼 따라다녀서... 강아지 동반되는 카페가 많은 연희동이 참 좋아요 밝을 때 와서 한 2시간 반 정도 있으면서 너무 기분 좋게 시간을 보냈습니다 음악, 음료, 공간까지 완벽했어요! 많은 사람들에게 인기가 있는 이유가 있는 곳입니다 연희동 2층 카페 보케 카페에 한번 놀러 가보세요 ^^ 50m © NAVER Corp. 보케 서울특별시 서대문구 연희로 116 2층 좌측"
"20231027 금요일 연희동 : 보케, 베지스, 본지르르","금요일 운동 끝나고 분기별로 한 번 ..? 반 년에 한 번 ? 꼴로 만나는 고등학교 친구 만나러 연희동 가기 연희동 보케 메뉴판은 이렇게 테이블에 마카로 쓰여져있는데 사실 보늬밤이 너무 궁금해서 연희동 저녁 약속 잡힌 김에 오후즈음에 먼저 가서 먹어볼까했는데 작년 메뉴였단다 ... 아쉬운김에 고구마 브륄레 산도 궁금해서 그걸로 결정 맛있었다 화장실 이솝/르라보/논픽션 핸드워시? ^ ^ 합격입니다 이날은 곰도리도리룩 3년간 묵혀뒀던 자라셔츠 꺼내입기 가게 내부가 어둑하고 조용하니 1인 손님들 위주였고 자리마다 콘센트도 있어서 나중에 연희동에서 친구 기다릴 때 혹은 우연히 들러서 작업할 거 있을 때 혼자 오기 좋을 것 같다 (+화장실 깨끗) 그러고 싶은 날에 재방문 의사 +++ 쿳사 연희 카페 나와서 약속 장소 가는 길에 왠지 익숙해서 보니 누나들이랑 21년도 생일을 함께 보냈던 식당이었다 그 때는 뇨끼가 뭔지도 몰랐던 시기였는데 캣누나가 예약해준 덕분에 처음 먹어보고 현재는 완전 유비뇨끼러버가 되었지 생각해보면 취향이 확고하게 있기 전이었는데 지금 보니 어떻게 이렇게 내 스타일인 가게를 야무지게 찾아서 준비해줬을꼬 ... 엔드라이브를 뒤져 21년으로 ㅋㅋㅋ 저렇게 해맑게 웃고 뒤에 엄청난 사건이 펼쳐질 줄 몰랐겠지 ... 에후 어렸다어렸어 약속 장소로 가면서 골목 구경 연남동 경의선 숲길 복작복작 메인 거리보다 조용한 연희동, 홍제천 쪽이 좋다 카페들도 취저인 곳이 많고.. 도장깨기 할 곳이 아주많다 비건 레스토랑 베지스 죽고싶지만 떡볶이는 먹고싶어 뭐 이런건가 친구 기다리면서 구비되어있는 브로콜리 모에모에 동화책 보기 귀엽더라 대충 저렇게 편식당하는 브로콜리츼가 여러 요리법으로 사랑받으려 노력하다 다 벤 당하고 좌절하고 울다가 눈물젖은 스프였나 뭐 여튼 그런 식으로 우연히 사랑받고 해필리에버애프터 했다는이야기 그런데 당신 .., 자기 자신을 떼어 요리해주고 있는 거 아닌가? ?????? 라는 생각을 하다보니 친구 도착 부추페스토 파스타와 고사리나물 1.4 애플 프렌치 토스트와 가지구이 1.3 -흑미 쌀 식빵이었는데 색도 예쁘고 꼬소 촉촉하니 맛있었다 꺼 억 본지르르 연희 지도에 찍어둔 여러가지 후보군이있었는데 개중에 가장 늦게하면서 식당이랑 가까운 곳으로 결정 사진에 분위기를 온전히 못 담아서 아쉽 ... 그냥 내가 좋아하는 컨텐츠 다 때려박은 카페라 연신 감탄 (주택개조, 베이지 우디톤, 쇼파, 군더더기 없는 인테리어, 눈 편한 간접조명, 작업 가능한 콘센트석, 낮은 인구밀도, 깨끗한 화장실+향) 자가 마련하면 마샬 스피커 딱 놓고 저렇게 꾸미고싶다 ... 같이 간 친구도 마침 비건에 관심이 갔었었는데 때 마침 내 덕에 처음 시도해보고 식사도 너무 맛있게 했다고 해주고 ... 카페도 마음에 들어해줘서 뿌듯했다 .. 하하 급 요즘도 식단 하냐며 정보 좀 달라구 블로그영업도 하고 옴 하지만 요즘은 그냥 잘 돌아다니고 잘 먹고다니는 일상인 듯 그리고 흥미로웠던 건 친구가 전에 뜬금 사주공부를 좀 해봤었다고 무토인 나와 본인이랑(까먹음) 엄청 잘 맞는 궁합이라고 .. 좀 맞는 것 같아서 신기했다 고등학교때는 이 아이가 날 먼저 간택해줘서 무리로 이끌어 잘 적응할 수 있게 도와주고 .. 같이 학원다니면서 여러가지 에피소드도 있었고 ㅋㅋㅋㅋ ... 내가 뚱딴지같은 발상 얘기하면 웃기다고 같이 자지러지게 웃고 ㅋㅋㅋㅋ 성인이 되어서도 둘 다 서울로 거주하게 되어서 자주는 아니어도 같이 놀고 .. 20대 초엔 참 우당탕탕 추억이 많았는데 어느새 시간이 이렇게 .. 우리 17살에 처음 만났는데 ... 벌써 27살이야 재밌는 과거여행 추억팔이였다 화장실마저 완벽 ... 익숙한 냄새가 난다고 했더니 핸드워시가 바이레도 튤립마니아였다 옛날에 라튤립 향수가 있었었는데 (지금은 당근으로 파양 .. 안녕) 그거랑 냄새 거의 똑같던데 핸드워시 제품이라 이름이 다른건가 ...? 거울만 보면 그냥 못 지나치는 병에 걸린 3자귀 소녀 호호 스마트 곰도리룩에 알린스쿠라를 얹어봣어요~ 안녕! #일상 #일기 #기록 #데일리 #데일리룩 #미니멀룩 #연희동 #연희동카페 #연희동비건식당 #보케 #베지스 #본지르르"
[서대문구] 비오는 날 가기좋은 분위기 좋은 연희동 카페 Bokeh (보케) / 작업하기 좋은 카페 / 연희동 카페 가볼만한곳 / 애견동반 가능,"안녕하세요, 구찌입니다! 오늘은 연희동의 분위기 갑 카페 <보케> 소개해 드리려고 합니다. 연남동이든 연희동이든 너무 유명한 카페는 사람도 많고 붐벼서 여유있게 카페에서의 시간을 즐기거나 하기가 어려운데요, 연희동에는 종종 여유로우면서도 커피도 맛있고 분위기도 좋고 인테리어도 예쁘고 친절하기까지 한 그런 카페들이 있어요. 오늘 소개할 카페 보케도 그 중 하나인데, 나중에 아직 알려지지 않아서 방문하면 시간을 여유롭게 즐기며 작업도 할 수 있는 그런 카페들을 따로 모아 소개 해 보고 싶어요. 일단 카페 보케는 어느날 저녁 비가오던 날 방문했었는데요, 비가 와서 더욱더 운치있었답니다. 연남동 코이크도, 봄희도, 낮에 가보고 싶다, 생각한 카페들인데, 보케 역시 나중에 낮에 다시 한 번 가보고 싶다 생각하는 곳이에요! 갈 곳이 너무 많아 ㅠㅠ 흑흑 2023년 7월 30일 방문 Bokeh 영업시간 : 11:00~20:00 라스트오더 19:45 information 🐶🐱 반려동물 : 동반 가능 🚙 주차장 : 없음 👯‍♂️ 단체석 : 있음 ☎️ 문의전화 : 010-7577-7554 🏠 주소 : 서울 서대문구 연희로 116 2층 좌측 보케는 연희동 길가의 건물 2층에 위치한 가로수의 혜택을 받는 카페 중 하나입니다. 전에 소개했던 그래피카나 프로토콜, 그리고 오늘 소개할 보케가 모두 연희동의 건물 2층에 위치하고 있는데요, 가로수의 덕을 보는 멋진 창가 풍경, 연남동에 비해 비교적 사람도 없고 조용해서 책을 읽거나 작업하기에도 너무 좋은 카페들이라는 공통점을 가지고 있는지라, 보물같은 카페들을 찾기 위해! 연희동의 건물 2층을 주시하는 중입니다. ㅋㅋ 간판 부터가 너무나 감성적. 간판에는 보케 커피라고 되어있네요. 그런데 네이버 지도에는 bokeh로 저장되어 있다보니 그냥 카페 보케라고 부르게 돼요. 부르는 이름에 대한 통일성이 없으면 별로 좋진 않아서, 그런 부분이 조금 아쉬워요. 보케 입구를 들어서면 이렇게 멋진 플라타너스 가로수 덕에 초록초록한 창가와 거기에 묘하게 어울리는 빨간 소파가 있는 내부가 눈에 들어옵니다. 정 가운데에 긴 테이블에 놓여 있는데 독특하게도 마치 편집샵같은 느낌으로 화분이 올려져 있습니다 ㅎㅎㅎㅎ 마치 판매하는 분위기 ㅋㅋㅋㅋㅋㅋ 재밌는 건 그냥 이렇게 흙만 한 줌 올려져 있기도 하다는 것. 뭐지? ㅋㅋㅋㅋ 아무튼 멋있어요. 이 각양각색의 화분들이 올려져 있는 가운데의 이 테이블 덕분에 카페 분위기가 극대화 되는 것 같아요. 그냥 테이블과 의자만 배치되어 있었다면 좀 삭막해 보이거나 조금 올드해 보일 수도 있을 것 같아요. 창가가 너무 예쁩니다. 이렇게 연희동에서 플라타너스 가로수의 수혜를 입고 있는 연희동의 카페들을 다니다보니 플라타너스 가로수는 연희동의 상징같은 느낌마저 들어요. 연희동 거리의 건물들에 생기를 주는 존재! 보케의 카운터 쪽도 둘러 봅니다. 남자 사장님 혼자서 운영하고 계세요. 분위기 있는 카페 보케의 곳곳. 정말 인테리어 예쁜 것 같아요. 누구야, 인테리어 한 사람? 사장님이세요? 미쳤다 진짜. 어떻게 이런 분위기를 내지? 쌓아놓은 일회용 컵 마저 감성 디스플레이가 되는 마법. 가운데의 길쭉한 테이블, 그리고 카운터와 왼쪽 창가쪽은 금속 실버 느낌의 가구들과 투명 유리 테이블로 채웠고, 오른쪽의 좌석들은 모두 톤다운 된 짙은 레드로 의자를 배치한 것이 눈에 띄어요. 조명을 벽쪽으로 쏴서 은은하게 퍼지게 만든 것이 좋았어요. 귀염뽀짝하게 좌석 옆을 장식한 귀여운 화병들 세 개가 쪼르륵 있었는데, 벽이랑 같이 찍으니 엄청 예쁘더라고요. 감성 한가득. 카페 보케 입구를 들어섰을 때 정면으로 보이는 풍경. 마치 조용한 와인바 같은 느낌 아닌가요? 늦은 저녁에 간단하게 술 한 잔 할 수 있는 곳이라면 더 좋을 것 같은데 조금 아쉬워요. 카페 보케의 카운터 쪽입니다. 메뉴에서 애플레소가 굉장히 궁금하네요. 스모키 밀크티나 썸머라떼도 먹어보고 싶어요. 라즈베리 석류티도 맛있겠다. 카운터 쪽에도 식물이 가득한데, 식물들 덕분에 묘한 분위기가 뿜뿜. 어쩜 커피머신이 있는 쪽도 이렇게 조화롭고 멋질 수가 있을까? 카운터 왼쪽으로 이렇게 불투명한 세로패턴이 들어간 유리로 가려진 공간이 하나 있는데 굉장히 궁금해요 ㅋㅋ 아마 주방이자 창고인 것 같아요. 앞에 의자도 두 개 놓아져 있어요. 비상용인가? 카페 보케 이곳저곳. 예쁘다고 호들갑 떨면서 혼자 사진을 엄청 찍었어요 ㅎㅎ 손님이 저희밖에 없어서 완전 신나 있었는데, 사진을 다 찍고 나니 손님이 두 팀 정도 더 들어오더라고요. 카페 보케는 이파리가 엄청 커서 시원시원하고 멋진 플라타너스 가로수 나무가 멋진 그림이 되어주는 창을 가졌고요, 창가의 테이블과 의자도 정말 특이하답니다. 접시가 테이블 위에 올려진 게 아니에요. 테이블 유리 아래에 넣어놓은 거예요. 특이하죠? 금속 실버 느낌으로 통일된 테이블과 의자. 테이블 밑판 위에 뭔가를 올릴 수 있게 해 놨고, 테이블로 사용되는 유리 판이 맨 위에 올라오는 형식이라 안에다 뭔가를 넣고 장식할 수 있게 되어있는 거죠. 그래서 감각적으로 접시나 팜플렛 등을 디스플레이 해 놓은 거랍니다. 저는 유자민트티를 시켰던 것 같아요. 근데 뭔가 베리류의 어떤 것이 둥둥 떠 있었고, 차가 정말 맛있었어요! 친구는 라떼를 시켰는데 라떼 역시 맛있었어요~ 앉은 자리에서 바라본 카페 보케 입구 쪽 풍경. 아직은 밝지만 슬슬 해가 지고 있던 시각에 방문해서 밝을 때와 어두워 진 후의 카페 보케를 모두 감상할 수 있었네요. 한참을 얘기하다보니 밤이되었고, 갑자기 비도 많이 왔어요. 밤 풍경만으로도 예쁠 것 같은데, 비가 오니 더욱더 운치 있어서 너무너무 예뻤어요. 그래서 비가 오면 카페 보케가 생각날 것 같더라고요....! 핸드폰이 테이블 위에 올려져있는데 테이블 아래칸에 올려진 접시때문에 착시효과가 일어나요 ㅋㅋㅋㅋ 접시 위에 핸드폰이 올라가 있는 것 같은 느낌 ㅋㅋㅋㅋㅋ 덥고 습한 날이어서 에어컨을 너무 빵빵하게 틀어놓아서 좀 춥길래 자리를 이동했어요. 더위 많이 타시는 분들은 완전 천국일 듯. 카페 들어서자마자 거의 냉장고 였거든요. ㅋㅋㅋㅋㅋㅋㅋㅋㅋㅋㅋㅋㅋㅋㅋ 분위기가 정말 좋죠? 그래서 데이트 하러 오기도 정말 운치있고 좋지 않을까, 싶어요. 아주 조용히 얘기할 수 있는 곳이에요. 비오는 날 밤 감성 지렸음. 비오는 날 저녁엔 무조건 카페 보케, 갈 것 같습니다. (좀 늦게 열고 좀 더 늦게 문을 닫아주세요 사장님 ㅠㅠ ㅋㅋㅋㅋㅋㅋㅋ) 낮에도 예쁘지만 밤에는 더욱더 분위기있고 운치있는 카페, 보케입니다. 진짜 분위기 진짜 미쳤음. 이제 가야할 시간. 저녁 8시에 마감 하시니까....ㅠㅠ 가면서 아쉬운 마음에 한 장 더 찍었어요. 분위기 너무 좋고 감각적인 인테리어의 카페, 힙한 인테리어와 달리 간단한 커피 종류와 화려한 칵테일이 아닌 소박하지만 맛있는 차를 파는 카페, 보케였습니다. 카페 보케 커피 라이브포토 영상 재생 2 좋아요 1  카페 보케 커피 라이브포토 영상 Summary Good 오묘하고 멋진 인테리어 사진찍기 좋은 카페 맛있는 커피와 차, 친절한 사장님 작업하기 좋은 카페 비 올 때 가면 분위기가 진짜 멋짐 Bad 문을 일찍 닫음 50m © NAVER Corp. bokeh 서울특별시 서대문구 연희로 116 2층 좌측 유투버 블로거 구찌 연희동의 숨은 카페들 너무 좋아..."
"분위기 좋은 연희동 신상 와인바 겸 카페 추천, bokeh 보케","2022년 12월 21일 수요일 오늘은 오랜만에 장수빈 뭉치는 날! 이름하여 장수빈 연말파티날이다 😎 서대문 03 신촌역 4번 출구로 내려서 연희동 가는 버스를 기다리는 중,, 날씨가 진짜 엄청나게 추웠다! 🥶🥶🥶 오늘 약속 장소인 연희동 와인바 bokeh에 가려면 신촌역 4번 출구에서 서대문 03 마을버스를 타면 된다! 신촌역에서 버스로 약 10분?! 서대문 03번 버스를 타고 국민은행 앞(연희동)에서 내리면 오른쪽 사진의 거리가 보인다. 파리바게뜨를 지나면 곧바로 연희동 bokeh 건물이다! 고양이 미용실 & 호텔 잔다냥 연희점 간판에 시선 강탈 당하지 말 것.. 연희동 bokeh는 건물 2층에 위치하고 있다!! 1층 유리 문에 bokeh 그림들이 붙어있었다. 그림 스타일이 아주 맘에 쏙 들었다지! #bokeh #연희동bokeh #연희동보케 #연희동와인바 #연희동판나코타 #연희동카페 #연희동신상카페 #연희동맛집 #신상카페추천 #연남동카페 #연남동와인 건물 2층으로 올라가서 좌측에 위치한 bokeh 따로 문에 bokeh라고 적혀있는 건 아니지만 그래도 여기가 bokeh 맞다! 50m © NAVER Corp. bokeh 서울특별시 서대문구 연희로 116 2층 좌측 연희동 bokeh 매장 내부 2층에 위치하고 간판도 크지 않아서 가게가 왠지 작고 아담할 줄 알았는데, 그건 다 편견일 뿐.. 생각보다 내부가 넓어서 놀랐다! 단체석부터 2~3인용 테이블까지, 그리고 카운터 쪽에 2인석 바자리도 있었다! 매장 한쪽 면은 유리창으로 되어있어서 답답하지 않고 더 넓게 느껴졌다. 바깥 구경을 할 수도 있고! 위치 - 서울 서대문구 연희로 116 2층 좌측 영업시간 - 화~일 12:00-22:00 (21:30 라스트 오더) / 매주 월요일 정기휴무 ☎ 0507-1384-4479 bokeh *bokeh는 반려동물 동반 가능한 매장이다! 다음에 단추 데리고 와봐야지 ㅎㅎ 깔끔하게 정렬된 와인잔들 🍷 보자마자 와인 생각이 더 들었다..! BOKEH 메뉴 카운터 쪽에는 미니 트리가 있어서 크리스마스 느낌이 슬쩍 났다! 오늘은 와인 마시러 온 보케, 카페 메뉴도 너무 궁금해서 다음에는 음료에 티라미수 먹어봐야겠다. 아까 1층 유리 문에서 본 보케 그림들 그림체가 맘에 들어서 사장님께 여쭤봤더니 친구분께서 그려준 그림이라고 했다. amie 역시나 결정은 쉽지 않아.. 장수빈 셋이서 와인 하나를 못 고르다니,, 스파클링, 화이트, 로제, 그린, 레드 등 와인도 종류별로 나란히 ✨ 손님이 맛있다고 했던 레드와인이라며 추천해 주셔서 겨우 고른 요 와인! 🍷 뚜면니가 찍고 있던 쁘띠한 꽃 이것도 거베라일까?? 거베라를 닮은 건가..? 여하튼 예뻐서 나도 따라 찍었다 ㅎㅎ 숨은 bokeh 찾기 전반적인 인테리어나 분위기가 좋았고, 이런 인테리어 소품들도 너무 예뻤다! 플랜테리어 쏘굿 사장님 센스 나이스 👏 분위기 자체가 맘에 드는 와인바이자 카페인데 특히 식물이 많아서 더 맘에 들었던,, 🌱 #플랜테리어카페 주문한 와인은 사장님께서 직접 오픈 후 서브해 주셨다! 이 와중에 와인잔은 왜 이리 예쁜겨 🎀 와인도 와인이지만 잔이 내 맘에 쏙 들었다!! *와인잔은 사장님께서 직접 만든 제품으로 판매도 하고 있다고..! 가격은 49,000원이었는데 선물용으로 아주 좋은 잔인 듯하다. 뚜미언니가 찍어준 비하인드 컷 아미 레드 #아미레드 50,000 12.5% 750ml #프랑스와인 #프랑스레드와인 #레드와인추천 사장님 추천이 제대로 먹혔다..! 아미 레드.. 절대 메모.. 와인 초보가 마시기 딱 좋은 와인이었다! 특히 주문한 간단한 와인 안주와 궁합이 어찌나 좋던지 👍 bokeh 와인 안주 와인이랑 먹기 딱 좋은 가벼운 안주들 딸기 판나코타 6,500 브리치즈 15,000 두 가지 모두 오늘 고른 와인이랑 너무 잘 어울렸다! 👏 #딸기판나코타 #브리치즈 #브리치즈구이 이렇게 좋은 분위기에서 와인 한잔하면서 크리스마스 소품들도 쫜 있으니까 오늘이 크리스마스야 나는 〰 와인 진짜 맛있고 잔은 진짜 예쁘구 보케 최고야 👍 엥.. 와인이 맛있고 분위기도 좋아서 와인 한 병이 순식간에 사라졌다..! 떼레데이부트 프리잔테 비앙코 #떼레데이부트프리잔테비앙코 43,000 10.5% 750ml 두 번째 와인은 고민 끝에 스파클링와인으로 했다! 사장님께서 이번에 들여온 신상 와인이라고 해서 바로 이걸로 선택 ➰ #이탈리아와인 #이탈리아스파클링와인 #스파클링와인 두근두근 선물 교환식 두 번째 와인 주문과 함께 시작된 미리 메리 크리스마스 #선물교환식 혜삐언니는 뚜미언니의 선물 당첨, 뚜미언니는 내 선물 당첨 🎁 늘 혜삐하게 ! 나는 혜삐언니 선물 당첨 🎁 혜삐언니 선물은 귀여운 하트 귀걸이였다! 🎀 Next image 선물이 어지간히 맘에 드는 듯,, ㅋㅋㅋㅋ 오늘부터 내 최애 와인바 등극,, 연희동은 처음이었는데 동네 자체의 잔잔한(?) 조용한 느낌도 좋았고 보케는 더 좋아!! 첫 방문에 와인을 두 병 까게(?) 만들다니,, 레드와인치고는 덜 떫고 라이트한 레드와인, 드라이하고 깔끔한 스파클링와인 비록 순서는 바뀌었다지만 둘 다 성공적이었다! 맛만 있으면 되지..! 성공적인 장수빈 선물 교환식 ✨ 장수빈 연말 파티 아주 성공적이었다! #연말파티 장소로도 아주 제격이다. 예쁜 하트 귀걸이를 받고도 왠지 탐났던 루돌프 머리띠 + 루돌프 코 세트.. 혜삐언니꺼 빌려 쓰고 사진이나 왕창 찍었다 ㅎㅎ 사장님.. 사진 찍는 법 저도 알려주세오.. 보케 인스타를 구경하고 왔는데 피드 느낌도 좋았다! 그래서 사진 찍는 사장님 뒤에서 얼쩡거리기 ^^,, 갬성 가능한 보케 오피셜 😎 bokeh_office • Instagram 사진 및 동영상 팔로워 363명, 팔로잉 5명, 게시물 51개 - @bokeh_office님의 Instagram 사진 및 동영상 보기 www.instagram.com 어쩌다 최후의 1인이 된 장수빈.. 어차피 남은 김에 매장이나 다시 둘러보기 아 그리고 보케 장점 중 하나인 깔끔한 화장실 ✨ 화장실이 매장 안에 있어서 편하고, 화장실 내부도 깔끔해서 사용하기 좋았다. 이제는 정말 가야 할 시간.. 보케 마감시간이 10시라 다행이지 어휴,, 보케가 늦게까지 했으면 와인 두병은 더 마셨을 듯;; 지금 분위기에 취해서 나뭇가지 그림자마저도 아름다워,, 💖 분위기도 좋고, 사장님도 친절하셨던 연희동 와인바 BOKEH 간단한 와인 안주가 주라서 1차보다는 2차로 좋을 것 같은 와인바다. 우리는 와인을 마셨지만, 같은 시간에 방문한 다른 손님들은 다 카페 손님들이었다. 그만큼 카페로도 괜찮은 곳이라는 거겠지! 다음에는 여유로운 오후 시간에 와서 카페 메뉴도 즐겨보고 싶다. #내돈내먹 연희동 와인바, 카페 추천 끝!"
연희동 카페 보케(bokeh) 와인과 커피 모두 즐길 수 있는 곳,"안녕하세요, 긴지구 입니다😊 연희동 그로어스에서 밥을 먹고, 매번 가던 카페 대신 새로 생긴 카페 보케에 가봤습니다. 와인부터 커피까지 있고 분위기가 따뜻하고 좋았어요! 연희동 보케 (bokeh) ⏱운영시간: 화-일 12:00-22:00 (월요일 휴무) / 🚗주차: 불가능 보케는 연희동 골목이 아닌 대로에 있어요! 2층으로 올라가야 방문 가능합니다. 처음엔 위치가 조금 헷갈리지만, 들어가면 아늑한 분위기와 통유리 창으로 탁 트인 느낌도 들어 좋았습니다. 곳곳에 화분과 인테리어 소품으로 분위기가 참 좋아요. 화장실이 남여공용이지만 깨끗해서 사장님께서 신경을 많이 썼다고 느껴졌습니다. 메뉴는 커피종류, 논커피와 디저트, 스몰디쉬 그리고 글라스 와인이 있어요! 커피와 디저트, 와인과 스몰디쉬의 조합으로 즐기기 좋을 것 같았습니다 ❤ 가격이 저렴하진 않지만 연희동 카페들의 평균가격 정도는 되는것 같아요. 저는 저녁 먹고 바로 와서 디저트는 패스하고 음료만 주문했습니다. 오래 앉아있어서 음료를 한 잔씩 더 마셨는데 커피도 티도 맛이 좋았습니다. 진열되어있는 와인잔을 보니 글라스 와인을 시킬까 고민되더라구요. 인테리어도 감각적이고, 조명 맛집이어서 다들 썸 탈때 와도 좋겠다고 이야기했어요! 주문한 메뉴는 아이스 롱블랙/ 따뜻한 유자민트티/ 아이스 초코렛 입니다. 저는 산미없는 커피를 선호하는 편인 저한테 정말 잘 맞는 롱블랙이었어요! 유자민트티는 약간의 단맛이 있는 티에요. 단 맛을 안좋아하시는 분은 오늘의 티 추천드려요!😙 오늘의 커피는 봤어도 오늘의 티는 처음 봤는데요, 제가 갔던 날의 오늘의 티는 바닐라향이 바탕이 되는 프룻티 였습니다. 보통 먹던 얼그레이, 쟈스민과 달라서 좋았습니다! 초코렛은 아이스인데도 진하고 달달한 초코맛이 잘 느껴지더라구요~ 음료도 다 만족스러워서 다음엔 디저트나 스몰디쉬도 먹어보려고 합니다. 넓지는 않지만 아늑해서 혼자 작업하거나, 친구들이나 연인이랑 오손도손 수다떠는 장소로 추천드리는 연희동 신상 카페 보케였습니다! 북적이기 전에 방문해보세용💕 카페 인스타 @bokeh_office 50m © NAVER Corp. bokeh 서울특별시 서대문구 연희로 116 2층 좌측"
연희동 카페 보케 BOKEH 플랜테리어가 돋보이는 디저트맛집,"연희동 카페 보케 BOKEH 연남동과 연희동 주변에서 놀다가 이전에 가보고 반했던 카페에 재방문했어요. 연대 앞에 있는 보케(BOKEH)라는 곳인데 간판도 작고, 연희동의 핫플레이스들이 모여있는 지역과 조금 떨어져있어서 그나마 덜 북적거리는 것 같아요. 예전에 왔을 때에는 라떼 한 잔 마셨는데 인스타그램을 보니 디저트 맛집인 것 같더라고요. 피드에 올라오는 케이크들이 너무 예뻐요. 출처: 보케 인스타그램 카페에서 직접 기획하고 만드는 디저트들 같은데, 아쉽게도 이날 늦지 않은 시각에 갔는데도 불구하고 모두 품절된 상태라 맛보지 못했네요. 결국 음료만 마셨어요. 연희동 카페 보케 다행히 식사한 지 얼마되지 않아 배가 고픈 상태는 아니어서 다행이었네요. 저번에 방문했을 때와 카페구조가 조금 변했어요. 매장 중앙에 있는 대형 테이블 위에 작은 환분들과 오브제들로 꾸며놨네요. 연희동 카페 보케 식물이 담겨있는 작은 화분들도 감각적이네요. 다육식물과 잎이 얇은 식물들을 선호하시나봐요. 연희동 카페 보케 여전히 창가에는 삼각형 모양의 의자와 아르떼미데의 스탠드 조명들이 있네요. 연희동 카페 보케 진짜 감성 뿜뿜하는 인테리어! 사장님이 정말 섬세하신 것 같아요. 그리고 남다른 안목을 가지신 듯! 연희동 카페 보케 여기가 주문하는 곳이에요. 운영시간 조절로 인해 지금은 와인을 팔지 않는다고 했네요. 낮술이라도 할까 했는데 아쉬웠어요. 연희동 카페 보케 메뉴와 가격 라즈베리 요거트 레어치즈케이크, 초당옥수수 레어치즈케이크, 우유푸딩(파나코나). 모두 품절 실화니...........! 테이블에 쓰여있는 메뉴들. 사진으로 보니 잘 안보이는데 실제로는 괜찮습니다. 여기는 아메리카노라고 표기하기 않고 롱블랙이라고 쓰여있네요. 커피종류도 단순한 편이에요. 출처: 네이버 지식백과 ""롱블랙"" 롱블랙과 아메리카노의 차이래요. 저는 항상 크레마가 덮힌 아메리카노를 선호했는데 그게 롱블랙 방식이었네요. 어렸을 때 카페 아르바이트를 했을 때에도 항상 물을 따라놓고 샷을 뿌려 드렸거든요. 가끔 다른 카페에서 크레마가 사라진 아메리카노를 받으면 불만이었는데 그게 맞는 방법이었네요. 역시 뭐든 아는 게 중요하네요. 저희는 바닐라시럽과 아이스크림이 들어간 썸머라떼와 토마토바질에이드를 시켰어요. 음료 하나 당 7,000원씩. 연희동 보케 썸머라떼와 토마토바질에이드 음료는 직접 테이블로 가져다주세요. 매장이 크지 않아 가능한 점 같네요. 연희동 보케 썸머라떼와 토마토바질에이드 친구가 시킨 썸머라떼는 바닐라 아이스크림 덕분에 시원달달한 맛. 제가 고른 토마토바질에이드는 많이 달지 않은 청량한 맛이었어요. 꼬치로 토마토를 건져 먹는 재미도 있네요. 절인 토마토 맛이 좋았어요. 연희동 카페 보케 BOKEH 다음에 또 오고 싶은 연희동 카페 '보케(BOKEH)'. 연세대나 홍대 근처에 갈 일 있으신 분들은 한번 쯤 가보시길 추천합니다. 저도 이 날 맛보지 못한 디저트 다음에는 꼭 먹어보고 싶네요. 50m © NAVER Corp. bokeh 서울특별시 서대문구 연희로 116 2층 좌측"
[연희동] 인스타핫플 고구마산도 후르츠산도 맛집 연희동 보케 카페,안녕하시렵니까!! 누워서 인스타 보는데 고구마 디저트 모음집이 나오더라구요 집 앞에 엄청 맛있어 보이는 고구마브륄레산도가 있어서 여자친구 사주려고 방문하고 왔습니다. 50m © NAVER Corp. 보케 서울특별시 서대문구 연희로 116 2층 좌측 보케 영업시간 수 11:00 - 20:00 19:40 라스트오더 목 11:00 - 20:00 19:40 라스트오더 금 11:00 - 20:00 19:40 라스트오더 토 12:00 - 21:00 20:40 라스트오더 일 12:00 - 21:00 20:40 라스트오더 월 정기휴무 (매주 월요일) 화 11:00 - 20:00 19:40 라스트오더 연희동에 있다고 해서 찾아보니까 매일 지나다니는 거리 2층에 이렇게 딱 있더라구요 ㅋㅋㅋ 입구도 여기가 카페가 맞나? 엄청 망설이다가 들어갔어요 ㅋㅋㅋㅋ 인스타에서 보던 이 그림 아니었으면 그냥 돌아 나왔을 거 같습니다 ㅋㅋㅋ 하지만 입구와 다르게 내부는 정말 분위기 있고 깔끔한 인테리어여서 놀랐어요 일단 통창으로 밖도 엄청 잘 보이고 답답한 느낌이 없어서 나중에 여자친구랑 같이 방문해야겠다고 생각할 정도였어욥 카운터도 뭔가 상당히 인서타스럽달까요..... 그래도 주방 내부는 정말 깔끔하게 관리하셨더라고요 메뉴는 이런 식으로 카운터 책상에 적혀있었습니다. 저는 이번에 여자친구 선물용으로 포장만 해서 음료는 따로 주문하지 않았습니다. 저는 후르츠산도 하나랑 고구마브륄레산도 이렇게 두 가지만 주문했습니다. 사람이 좀 많아서 5분 정도 걸리신다 그래서 앉아서 카페 구경 좀 했습니다. 저는 개인적으로 인테리어가 정말 마음에 들었어요. 뭔가 이상적인 카페의 인테리어?? 이렇게 소품 배치도 정말 깔끔해서 뭔가 고오급 식당 느낌..... 다음에 여자친구랑 커피 한잔하러 다시 방문해야겠어요 ㅋㅋㅋㅋ 포장은 이렇게 크리스마스 분위기 물씬 풍기게 해주셔서 선물하기 딱 좋았아용 다음날 회사 가서 먹으라고 사준 거긴 하지만 생긴게 궁금해서 한번만 보여달라 하고 사진 한 장 찍었습니다! 여자친구의 평은 크림도 가득하고 맛있었다고 아주 짧게 평을 남겨주었으니 참고하시면.... ㅋㅋㅋㅋㅋ 저는 먹어보지 못했지만 솔직히 분위기로 돈값? 하는 그런 카페였던 거 같습니다. 제가 먹어본 건 아니지만 여자친구가 상당히 맛있었고 또 먹고 싶을 거 같다고 해서 언급했듯이 여자친구랑 같이 다시 방문할 거 같습니다! 오늘 하루도 고생하셨습니다. 좋은 밤 보내셨으면 좋겠습니다. 감사합니다.
연희동 카페 : 보케 bokeh 분위기 좋은 카페,"남친과 여행 계획을 짤 조용한 카페를 찾다가 발견한 연희동 카페 “bokeh 보케” 연희동은 조용하고 한적한게 참 좋은 듯:) 50m © NAVER Corp. bokeh 서울특별시 서대문구 연희로 116 2층 좌측 연희동 분위기 좋은 카페 bokeh는 대중교통 이용 시 연희3거리 정류장에서 내리면 도보 1분 거리에 위치하고 있구마. 주차는 불가하다고 하니 대중교통을 이용하시거나 공영주차장에 주차를 하고 방문하시는 걸 추천하는구마. / 간판이 딱히 없어서 여기가 맞나 하머 건물 2층에 올라갔는데 올라가서 문을 열어보니 여기가 맞았군!😀 bokeh 보케 연희동 카페 화-금 11:00~21:30 토,일 12:00~21:30 *매주 월요일 휴무* 출처 : bokeh 인스타그램 반려견 동반도 가능하다고 하니 참고!!🐶 카페는 넓고 탁 트인 구조가 좋았고, 심플하면서도 중간중간 초록초록한 식물들이 보여서 뭔가 평화로운 듯한 느낌이 들어 좋았구마🌿 카페에 잔잔히 퍼지는 음악도 넘 좋고~ 남친이 완전 잘 찾았다!ㅎㅎㅎ Bokeh 메뉴판 롱블랙 (ice) 5,000원 레어치즈케이크 6,800원 우리는 각각 롱블랙 아이스 한 잔과 디저트로 레어치즈케이크를 하나 주문했구마:) 카페 입구에 있던 오렌지 나무?! 넘 예뻐서 한 장 찰칵ㅎㅎ 우리도 창가쪽에 자리를 잡았는데 비가 오기 전이라 흐릿흐릿. 창문이 큼직해서 넘 좋았구마. Bokeh는 혼자와도 넘 좋을 것 같고 책 읽으러, 우리 처럼 무언가 계획을 짜러 올 때도 넘 좋을 듯! 분위기 완전 취저❤️ 이러저리 둘어 보다가 천장쪽에 적혀있는 글씨 발견. 보케 뜻을 적어둔 듯 하구마. 잠시후 주문한 음료와 디저트가 나왔구마. 롱블랙은 묵직하면서도 산미가 있어서 구마가 딱 좋아하는 맛이었구마. 평소 산미있는 커피 좋아하시는 분들은 좋아하실 듯! ☕ 레몬 크림이 올라간 레어치즈케이크 🧀 완전 부드럽게 잘리는구마. Bokeh 재생 0 좋아요 0  Bokeh 치즈는 부드럽고 달콤고소하면서 레몬크림은 새콤한게 맛있었구마. 입에 넣으면 사르르르 녹는맛>< 디저트 먹으면서 계획 짜다보니 그동안 못했던 호텔도 예약하고 갈만한 곳도 정리 끄읕!! ★여행 계획 1차 성공★ 카페가 조용한 편이고 음악만 잔잔히 흘러 나와서 완전 초집중할 수 있었구마.😎 / 분위기도 좋고 음료, 디저트도 맛있었던 연희동 카페 bokeh 요긴 다음에 한 번 더 방문해 보고 싶은 곳 인듯ㅎㅎ 그럼 이만 앙뇽:D"
[연희] 연희동 카페 보케 (BOKEH) | 연희동 보늬밤,"연희동에 새로 생긴 신상 카페 보케(bokeh)에 다녀왔다. #연희동가오픈카페 #연희동신상카페 보케는 연희동 중심에 위치하지 않고 도로변 2층에 위치해서 살짝 애매하지만, 요즘 연희동이 점점 이곳저곳 좋은 카페들이 생겨나고 있어서 충분히 방문해 볼 위치에 있다. 보케는 아직 가오픈카페여서 방문 전, 인스타를 꼭 참고하길 바란다. / 연희동 카페 보케 메뉴판 보케에는 커피만 파는 게 아니라 와인도 팔고 있었다. 하지만 나는 저녁을 먹으러 가기 전 잠깐 들렸던 거라서 아이스아메리카노(5.0) 밀크티아이스(6.0) 보늬밤(7.5) 주문~ 바도 지저분하지 않고 매우 깨끗했고 패브릭천으로 감성도 챙기셨다. 내부가 상당히 감각적이었는데 요즘은 볼 수 없는 빈티지한 바닥타일이 인상적이었고 곳곳에 식물과 조명이 잘 어우러져 있어서 요근래 갔던 카페 중 인테리어가 인상에 남은 곳이다. 바닥에 있던 식물들 상당히 빈티지해.. 약간 을지로 갬성..? 내부가 꽤 커서 작업하시는 분들도 많았구 다들 조용조용한 분위기였다. 원래는 세모의자가 있던 3인석에 앉았다가 공용테이블이 자리가 나서 거기로 옮겼다. 아이스아메리카노는 산미가 덜한데 고소해서 맛있었고 밀크티는 살짝 먹어봤는데 산뜻한 맛! 보늬밤은 치즈와 같이 먹으라고 하셨는데 맛있었다. (직접 만드시는 걸로 알고 있음) 공용테이블 자리에 앉으면 이렇게 김밥천국view..를 볼 수 있는데 꽤 감성적임.. 살짝 아쉬웠던 점은 밤3개 중 1개 상태가 좋지 않았다는 점! 뭐.. 저녁 먹으러 갈 거고 이미 치즈와 남은 밤 2개를 먹은 상태라 그냥 남겼다 연희동 카페 보케에서 좋았던 점은 내부 화장실이 매우 쾌적하다는 점 좁지도 않고 깨끗하구 내부에 향수까지 있어서 매우 만족스러웠다. 연희동에 많은 카페들이 있지만 요근래 가장 만족스러운 카페로 기억에 남았다. 사장님도 친절하시고, 혼자 책 읽으러 가기도 좋고, 너무 핫플이지도 않고 아니지도 않은(?) 그런 곳이라 연희동에서 조용히 카페 즐기고 싶은 분들한테 추천이다. 그리고 연희동에서 10시까지하는 카페 찾는다면 더 추천! 연희동 보케 (BOKEH) / 보케 위치 : 서대문구 연희로 116 2층 bokeh 서울특별시 서대문구 연희로 116 2층 / 보케 영업시간 : 평일 11:00-22:00 주말 및 공휴일 11:00-22:00 휴무 매주 둘째 주, 넷째 주 월요일 / 보케 인스타 : @bokeh_office"
44. 연희동 _ 보케 (bokeh),"내가 생각하는 이상적인 연희동 카페를 꼽으라면 이곳을 꼽을 거야 보케 (bokeh) 맛있어서 산도 2개 해치운 카페 bokeh 서울특별시 서대문구 연희로 116 2층 좌측 운영시간 화 ~ 금 : 11:00 ~ 20:00 토 ~ 일 : 12:00 ~ 21:00 매주 월요일 정기휴무 특이사항 반려동물 동반 가능 bokeh_coffee • Instagram 사진 및 동영상 팔로워 2,410명, 팔로잉 1명, 게시물 40개 - @bokeh_coffee님의 Instagram 사진 및 동영상 보기 www.instagram.com 바닐라소다를 보고 저장만 했던 연희동 보케 방문을 미루다가, 주말에 갑작스레 다녀왔습니다 입간판이 없어서 2층 상호 간판을 잘 보고 들어가야 한다. 토요일 오후 2시 방문 기준 웨이팅 없이 좌석은 매우 널널했다. 연희 보케 내부 4인석 1개, 나머지는 2인석으로 구성되어 있다. 테이블 간격은 딱 적당하고, 한 면이 통창이라 시원한 느낌을 준다. 보케 메뉴판 주문리스트 유자민트티 (6,500\) 무화과산도 (7,500\) 고구마브륄레산도 (포장, 8,000\) ...사실 무화과 산도가 맛있어서 고구마브륄레 산도는 집으로 포장해갔다 ^^ 특이한 건 보통 테이크아웃은 할인해 주는데 요기는 오히려 포장 시 500원 추가된다. 랩으로 꼼꼼하게 싸주시긴 하더라고요 친구가 오기 전 짧게 머물렀는데, 카페가 조용하니 너무 좋아서 다음에 혼자 와 책이라도 읽고 싶었다. 책 읽기 좋은 연희동 카페로 추천 보케 무화과 산도 - 7,500\ 큰 기대를 안고 주문한 무화과 산도! 사실 산도는 판매하는 가게가 하도 많이 생겨서 큰 매력을 못 느끼는데, 보케 산도는 크림이 달지 않고 맛있었다. 가장 최근에 먹었던 산도가 경주 산도 맛집으로 유명한 부쉬의 망고산도였는데, 제 입에는 보케 산도가 훨씬 맛도리였습니다 // 별점 : 4.5/5 무화과 산도 아무리 봐도 예술 보케 유자민트티 - 6,500\ 반신반의하며 시켰던 유자민트티 결론부터 말하자면 너~무 맛있었다. 바닥에 가라앉은 유자청을 보고 ""아 달겠구나"" 싶어 잘못 시켰나 했는데, 예상외로 정말 딱 적당하게 달았다. 달다는 느낌보다 시원하다는 느낌이 더 잘 어울리는 음료 real 적절한 당도였습니다 ,, 별점 : 5/5 수제청이 분명함 공산품에서 이런 맛이 나올 수 없음 (아니라면 유감) 보케 고구마브륄레 산도 - 8,000\ 고구마브륄레 산도는 마침 내가 갔던 주말에 '호박'고구마 브륄레 산도를 한정판매하신다길래....구매하지 않을 수 없었어요 너무 맛있었고 고구마 산도에 '후추'를 사용하셨는데 후추 처돌이로써 감탄하며 먹었습니다 후추 어떤 거 쓰시는지 여쭙고 싶었는데 부담스러우실까봐 차마 DM은 못 보냈어요 사장님 혹시 이 글을 보신다면 부디 후추 정보 부탁드려요 plz 별점 : 5/5 아 포장해서 500원 더 추가됐는데, 투명랩으로 이중포장해 주셔서 안전하게 먹었습니다 오후 3시쯤 구매해서 다음날 오전 10시에 먹었는데 상하지 않았어요 포장도 완죤 추천 무무대베이크 사장님과 친분이 있어 보이는 보케 사장님 무무대베이크 사장님 정~말 좋은 분이신데 (친분은 없으나, 첫 방문 때 real로 감동받은 썰이 있었습니다) 역시 좋은 사람들끼리 모이는 긍정적인 끼리끼리 사이언스 😍 주말에도 손님이 많지 않던데, 아직 소문이 덜 난 것 같다. 나만 알고 싶은 카페지만, 대박 나셔서 오래오래 장사해 주셨으면 좋겠어요 재방문 의사 완전 있음 (내돈내산 솔직 후기) 끝 !"
"[연희동카페/와인바] ""bokeh (보케)"" 낮과 밤 다른 매력을 가진 곳!","연희동 집에서 30초 거리에 새로운 카페 겸 와인바가 생겼다! 와인을 자주 마시지 않아 잘 모르지만.. 새로 생겼으니 가봐야지! ""bokeh (보케)"" *11월 1일(화) 방문 기준 ⏰️ 영업시간 11:00-22:00 둘째, 넷째 월요일 휴무 ✔️ 반려견 동반 가능! bokeh 서울특별시 서대문구 연희로 116 2층 도로변 2층에 위치해서 우연히 방문하기는 어려울 수 있지만 원래 보배일수록 꽁꽁 숨겨져 있는 법! bokeh_office • Instagram 사진 및 동영상 팔로워 204명, 팔로잉 5명, 게시물 16개 - @bokeh_office님의 Instagram 사진 및 동영상 보기 instagram.com 10월 29일, 30일 주말동안 가오픈기간을 지나 11월 1일 공식오픈했다!! 통유리창으로 보이는 플라타너스 나무를 잘 찍어보고 싶었지만 담기지않아 아쉽다🥲 통유리창으로 보이는 플라타너스 나무를 보고 멍 때리고 있으면 그 자체로 힐링되는 기분..🍃 카페 내부는 심플하지만 많이 신경쓰고 준비하신 느낌이 들었다! 매우 친절하셨던 사장님😎 이름이 왜 보케인지 여쭤보니 카페에 처음 왔을 때 햇살이 싹- 들어오는 모습을 보며 이를 표현할만한 단어를 찾다가 '빛번짐'이라는 뜻을 갖고있는 'bokeh(보케)'로 카페 이름을 정했다고 하셨다! 이런 창의적인 발상, 영감 나에게는 부족한 역량이기에 대단하게 느껴졌던..😶 메뉴소개🍾🍷 와인에 대해서는..... 아는게 없었기에😅 사장님의 추천으로 주문했고! 🍷첫번째 와인 레옹 페르디갈 꼬드 드 론 블랑 35.0 - 화이트 와인 - 도수 12% 살짝 씁쓸한맛..?이었지만 무난하게 마시기 좋았다!😃 화이트 와인 마실 때 함께 먹은 안주! 판나코타(오리지날) 5.5 판나코타 (라즈베리) 6.0 그리고 아주 정성이 가득 들어가는 보니밤 7.5 이거 만드는데 무려 5시간이나 걸린다고 한다 껍질도 뭐 겉껍질만 까고 속껍질은 남겨야한다고하셨나.. 암튼 잘 모르는 (나같은)사람이라면 '엥 뭐야 밤 몇 알 나오는거야?' 할 수 있는데 엄청난 노력과 시간이 들어간 음식....!!!! 안주가 달달하니까 와인이 살짝 씁쓸해도 괜찮았다!! 아메리카노랑 디저트 조합이랑 유사한 느낌..? 😅 🍷두번째 와인 피케라스 올드 바인스 가르나차 38.0 - 레드와인 - 도수 14.5% 레드와인은 브리치즈와 어울린다고 추천을 받았고! 와인과 함께 안주도 하나 추가-요! 브리치즈 15.0 bokeh(보케) : 빛 번짐 카페 이름에 맞게 사진도 빛 번짐 느낌으로... 찍어보았다는 DJ....... 나는 치즈피자, 치즈 떡볶이 이렇게 퓨전된것만 먹고 오리지날 치즈는 잘 안먹었는데 오... 왜 와인+치즈 조합이 국룰인지 이해되었다...!!!🧀 아니 게다가 뭔 견과류 이렇게 탑으로 쌓아주시니 넘나리 감사합니다......❤ 치즈먹다가 살짝 느끼할 때쯤 와인 홀짝!🍷 나는 와인에 대해 잘 모르지만 추천해주신 와인 모두 홀짝홀짝 편안하게 마시기 좋았다! 너무 달지도 않고 달달한 안주랑 먹기 딱 좋은! 🍷세번째 와인 아우스토 55.0 도수 12% 이건 와인병이 진짜 멋있었다 병에 그려져 있는 월계관이 시그니처!🏵 나는 와인에 대해 무지하다보니 드라이하고... 무겁고....어쩌구... 잘 모르지만......ㅎㅎ 사장님이 알아서! 잘! 딱! 깔끔하고! 센스있게!!!!! 입문자도 편안하게 마실만한 와인으로 추천해주신다는 것!! 피스타치오 3.0 이건 서비스로 주셨는데 피스타치오 짭쪼름하며 맛있어서 이거 먹으면 한 병 더 마시게 될 것이라고 말씀하셨다 ㅋㅋㅋ (그리고 진짜 한 병 더 마신 듯..?ㅎ) 피스타치오가 맛있다는 것을 증명하는 잔해들...... 다람쥐도 아니고..🐿 의자도 편안하고 노트북 들고와서 업무하거나 책 하나 들고와서 읽거나 혼자 멍때리며 힐링하기 딱 좋을 것 같다 나만 아는 아지트로 만들고 싶지만 번창하셔야하니까.. 이 좋은 곳 널리널리 알려지길!!!!!!!!!📢📢📢 나중에는 별이도 데리고 가서 커피도 마셔봐야지!!! 이번 포스팅도 함께 온 언니 오빠들의 사진협찬으로 작성해본다📸 커피☕와 와인! 🍷 낮🌅과 밤!🌃 다른 매력을 갖고 있는 보케! 연희동에 따끈따끈하게 새로 생겼으니 꼭 한번 들려보길!"
"[연희동/카페] 과일 산도 맛집, 예쁘고 분위기 좋은 카페 @보케 (bokeh)","🏷 보케 (bokeh) 📍위치 : 서울 서대문구 연희로 116 2층 좌측 📌 영업시간 : 평일 11:00 ~ 20:00 주말 12:00 ~ 21:00 * 매주 월요일 휴무 (🐶 반려동물 동반 가능 / 🎁 포장 가능) 연희동 식물 사이에 숨겨진 예쁜 카페 #보케 입구부터 뭔가 옛날 감성이라 더 좋네요 💖 2층으로 올가 가면 왼편에 바로 문이 나와요 ! 메뉴판도 책상 위에 적으신 사장님의 갬성이 좋네요🫨👍🏻 저는 아이스 아메리카노랑 고구마 브륄레 산도 주문했어요 ! 원래 샤인 머스캣 산도 먹고 싶었는데 재료 소진이라고 해서 🥹 (다음에 와서 먹어야징..) 카페 분위기가 너무 예쁨.. 작은 식물원 같아서 정화되는 기분🌱 통유리로 되어있어서 아침에 가면 광합성 하기도 좋고 플라타너스 뷰가 진짜 예뻐요 눈이 맑아지는 기분 보케와서 햄보케... 예쁜 공간에서 커피 마시니까 진짜 햄보케💞 고구마 주문하길 잘한 거 같아요 아침 안 먹고 왔는데 한 끼 식사 완. 산도 진짜 맛있네 🥹 호찌는 식단 조절한다고 한 입 먹고 제가 다 먹었어요 😄 제가 제일 중요하게 보는 화장실도 지인짜 깨끗하고 인센스 향도 좋더라구요 ! 보케는 자주 오고 싶은 카페예요 🫶🏻 산도도 맛있지만 분위기가 너무 좋아서 안 읽던 책도 잘 읽어질 것 같은....너낌 🤭 🏷️ 카페 보케 bokeh_coffee • Instagram 사진 및 동영상 팔로워 2,285명, 팔로잉 1명, 게시물 38개 - @bokeh_coffee님의 Instagram 사진 및 동영상 보기 instagram.com 50m © NAVER Corp. 보케 서울특별시 서대문구 연희로 116 2층 좌측 #일상 #소통 #연희동 #연희 #연희동카페 #연희카페 #카페 #카페추천 #연희동카페추천 #연희동카페보케 #보케 #카페보케 #연희동예쁜카페 #연희동예쁜카페보케 #맛집추천 #디저트카페 #책읽기좋은카페 #연희동북카페 #연희동디저트 #과일산도맛집 #맛집 #연희동산도맛집 #연희동과일산도맛집 #애견동반가능카페 #반려동물가능카페 #연희동카페투어 #서이추 #서이추환영 #공감 #내돈내산 #서대문구카페 © 2020 찌니 All rights reserved"
[연희 : bokeh] 조용하고 분위기 좋은 연희동 신상 통창 카페 보케 후기,"주소 : 서울 서대문구 연희로 116 2층 화~금 : 11:00~21:30 토~일 : 12:00~21:30 매주 월요일 정기휴무 문의 : 010-7577-7554 - bokeh - 50m © NAVER Corp. bokeh 서울특별시 서대문구 연희로 116 2층 좌측 안녕하세요 여러분👋 오늘은 작년 크리스마스쯤 다녀온 연희동 신상 카페 보케 후기를 작성해 보려고 해요 요즘 연희동에 많이들 놀러 오시기도 하고 저도 자주 갔었는데 그중에 최애 카페가 생겨버려서 여러분들한테도 꼭 알려드리고 싶었어요⭐️ 연희동 카페 보케는 제가 검색을 엄청 해서 찾아본 신상 카페인데 분위기도 좋고 카페 겸 와인바라 저녁에 방문해도 괜찮은 곳이더라고요 위치는 사실 솔직하게 말해서 약간 애매한 곳에 위치해 있긴 한데 그래도 조용하고 분위기 있는 곳이라 한 번쯤 가보기 좋은 거 같아요🤣 건물 2층으로 올라가면 문이 나오는데 이거 열고 들어가시면 돼요! 들어가면 생각보다 내부가 엄청 넓고 시원하게 트여있는 느낌이에요 무엇보다 왼쪽 사진처럼 한쪽 면이 통창으로 되어있는 카페라서 훨씬 더 넓어 보이더라고요✨ 통창이 바로 보이는 쪽은 롱 테이블 좌석이 있는데 저는 개인적으로 여기 앉는 걸 추천해요! 창문 쪽을 향해서 앉으면 연희동 거리가 보이면서 그냥 바라보면서 커피만 마셔도 시간이 너무 잘 가고 정말 여유로운 느낌이 확 들게 만들어줘요☺️ 카페 보케는 카페 겸 와인 바인데 커피랑 디저트 종류 외에도 글라스 와인과 어울릴만한 간단한 안주도 판매 중이었어요 옆에는 이런 귀여운 초도 판매 중이더라고요💕 롱 블랙 (5.0) 라떼 (5.5) 딸기 판나코타 (6.5) 롱 테이블 좌석에는 화분이 다양하게 놓여 있는데 제가 방문했을 때는 크리스마스 시즌이어서 그랬는지 크리스마스 장식도 함께 있었어요🎀 연희동 카페 보케 재생 1 좋아요 0  접기/펴기 연희동 카페 보케 커피랑 함께 먹을 디저트를 골라보다가 티라미수랑 판나코타를 엄청 고민해 봤는데 이게 시즌 메뉴였나..? 그래서 판나코타로 골라봤어요🤤 판나코타는 크림, 설탕, 우유를 젤라틴과 섞어서 먹는 이탈리아 후식인데 우유 푸딩이랑 비슷한 식감과 맛이에요! 시원하고 달달한 맛에 몰랑몰랑한 식감이 좋더라고요💙 거기다 위에 통후추가 살짝 뿌려져 있었는데 그게 또 오묘하게 잘 섞이면서 다시 또 먹을만한 맛이었어요! 아직 신상 카페여서 그런지 조용한 분위기에 통창 뷰가 정말 마음에 들었던 곳이에요 저는 연희동 카페 추천해달라고 하면 보케를 가장 먼저 떠올릴 만큼 진짜 좋았어요🔥 특히나 연희동 카페 중에 이렇게 뻥 뚫려있는 느낌의 카페 찾기가 어려운데 연희동 놀러 오시는 분들은 꼭 한번 방문해 보세요💓 커피랑 디저트도 맛있고 사장님도 친절하셔서 저는 또 방문할 예정이에요🥹 아, 다음에는 특히나 저녁에 한번 가서 글라스 와인도 한잔하고 싶더라고요 이렇게 오늘은 조용하고 분위기 있는 연희동 신상 카페 보케 후기를 남겨봤는데 정말 제돈제산이지만 강추 드립니다✨ 통창 카페나 조용한 카페 찾는 분들 마음에 드실 거예요 그럼 오늘은 여기까지 할게요🙌"
일상 • 연희동 bokeh 보케 🍃 • 포셋,"정말이지 이젠 빠르다 못해 야속해지는 시간 벌써 11월이라니 9월 어디갔어 10월 어디갔어 할미 앨범엔 풍경사진이 가득혀요 i love 풀때기 3시간 만에 뜬 버킷햇 꽤 괜찮군 .! 한 번 실을 잡으면 손에서 놓을 수가 없다 .. 이미 시작한건 무조건 완성해야 직성이 풀리는 나 ㅋ ㅋ 휴무 전날 저녁은 허니콤보 배달팁 지옥이지만 맛은 있네 day off 금요일부터 기온이 뚝 떨어진다해서 위 아래 히트텍에 패딩까지 완전 무장하고 출발 @보케 엊그제 오픈한 연희동 카페 보케 원래 가려던 곳이 일찍 닫아서 우연히 보고 바로 달려왔지 새로운 공간에 오는 건 언제나 흥미로워 스틸 인테리어 너무 멋스럽고 이런 의자는 대체 어디서 공수해 오시는 건지 .. 풀때기 좋아하는 우린 이 자리로 픽 러브 풀때기 쌀쌀해진 날에 따뜻한 롱블랙 2잔 같은 음료를 시켰음에도 각기 다른 트레이에 주시는 것부터 함께 챙겨주신 물까지 사장님의 세심한 센스가 돋보였던 곳 게다가 여기 롱블랙 제대로다. 정말 커피다운 커피 ☕️ 서로 옆에 앉아서 여유 부리기 참 좋았네 .. 프로토콜처럼 너무 유명해지지 않았으면 하는 곳 형주니 모자 뺏어쓰기 ~ 11월 뜨개 일상 🧶 : 연희 bokeh 보케 🍃, poset 포셋 재생 9 좋아요 0 00:00 00:02  11월 뜨개 일상 🧶 : 연희 bokeh 보케 🍃, poset 포셋 ❤️ @포셋 약간 이국적인 분위기가 나는 엽서 편집샵 오고 싶었던 곳인데 가까워서 바로 ~ 아날로그 방식을 좋아하는 사람들에겐 정말 천국이 아닐지 ... (바로 나) 예쁜 거 옆에 예쁜 거 옆에 예쁜 거 맘에 들었던 엽서 ea hj +귀여운 소비 지인에게 쓸 엽서 하나 씩만 구매했다 마감시간 다 돼서 온 게 아쉽네 @피터팬1978 나에게 있어 식빵은 피터팬 블루베리 식빵을 먹기 전과 후로 나뉜다고 할 수 있지 ... 또 하나만 남아있네 점원분께서 봉투에 담아두셨는데 참지 못하고 하나씩 꺼내 먹기 ㅋㅋㅋ jmt 잠깐 찬 바람 맞았다고 바로 감기 기운 오기 있기야 ? 다들 목감기 조심 ... 😷 너무 오버스럽지도, 그렇다고 또 너무 잔잔하지도 않은 한결같은 우리 모습이 참 좋다. 🤍"
"[연희동] 분위기 좋은 연희동 카페 ""보케 (bokeh)"" 최애 카페가 될 것 같아","bokeh (보케) 요즘 좋아하는 동네인 합정, 망원 그리고 연희동 조용하고 차분한 연희동 분위기 사랑혀.. 최근 카페 불모지였던 연희동에 많은 카페들이 생기고 있는데 그중 나의 최애 카페가 될 것 같은 공간을 찾았다.. 연희동 감성을 가득 담은 연희동 카페 보케 50m © NAVER Corp. bokeh 서울특별시 서대문구 연희로 116 2층 좌측 연희동에서 제일(?) 핫 한 카페인 프로토콜 바로 건너편에 있다 (프로토콜에 자리 없으면 아니 있어도 요기 가세요.. 너므 조하) 입구에 요런 포스터가 붙어져 있다 직접 그리신 건가? 너무 귀엽고 힙하고 #보케메뉴판 커피와 술을 함께 파는 '낮카밤바' (낮에는 카페 밤에는 바) 글라스 와인을 판매하고 있어 저녁 먹고 2차로 부담 없이 들릴 수 있을 것 같다 우리는 배가 부른 상태라 디저트 없이 커피만..! 롱 블랙 아이스 (5000) 세라믹 와인잔 넘모 예뿌쟈냐.. (잔은 판매 중! 가격은 안 예쁨) 요런 빨간 바닥 쓰는 카페는 첨이구요 진짜 넘넘 예쁘구요 레드+화이트+실버 조합이 그냥 힙 그 자체고요,, 카페 인스타에 들어가 보니 이 바닥은 건물 입주했을 때 처음부터 있던 바닥이고 이 재질을 꼭 살려서 인테리어를 하고 싶어서 그대로 살려두셨다는(!!) 사장님 갬성이 진짜 저세상.. 테이블 유리 아래에는 그릇을 디피해놓으셨는데 이것도 넘 예뻤음 연희동 감성 카페 다운 크리스마스 장식들,, 요론고 다 어디서 사 오시는 건지 궁금했다 롱 블랙 아이스 (5000) 커피도 맛있네효 원두는 산미 없이 고소해서 내 스탈! 요즘 매일 들고나가는 교복 템이 되어버린 아모멘토 장갑 3시쯤 되니까 만석이 되었다.. 곧 연희동 핫플이 될듯하다 연희동 분위기 좋은 카페를 찾는다면 바로 이 곳! 언제 또 가지? 제 점수는요.. ★★★★★ 5.0 재방문 O (인테리어가 너무 내 스타일.. 연희동 최애 카페 등극!!) 영업시간 매일 12:00 ~ 22:00 (월요일 휴무) Tip) 깔끔한 내부 화장실 애견 동반 가능 카페 겸 와인바로 운영"
[연희동 카페] 연희동에서 찾은 힙지로스러운 감성 카페 ‘보케(bokeh)’,"안녕하세요 시퍼리 입니다! 연희동에 새로운 카페가 생겨 방문해봤어요! 저희가 흔히 보던 연희동 카페보다는 뭔가 힙지로스러운 카페분위기예요~ 이유는 차근차근 설명해볼게요~ 저 멀리서 봐야 일단 간판이보여요ㅋㅋㅋㅋ 저도 위치를 여러번 확인하고 갔지만 처음에 갈때 그냥 지나쳤잖아요ㅋㅋㅋㅋ 50m © NAVER Corp. bokeh 서울특별시 서대문구 연희로 116 2층 좌측 영업시간 12:00 ~ 22:00 (월요일 휴무) 그래서 2층으로 올라가면 옛날 감성이 물씬나는 출입구가 나와요 옛날 생각도 순간 나더라구요ㅋㅋㅋ 이런 문들을 열고 다녔는데.. 이런 느낌이랄까요?ㅋㅋ 가구와 조명 하나하나 신경쓴 사장님의 센스가 보이지 않으신가요? 카페라기보단 예술 전시회 스러운 혹은 유럽에 있는 스터디형식의 카페의 느낌을 물씬 받았어요! 그리고 통창너머로 보이는 서울의 일상을 확인(?)할 수도 있구요~ 창가에 있는 테이블은 유리사이에 접시를 놓음으로서 예술공간인 영감을 주더라구요~ 음.. 모던함에 엔틱스러움을 더한?ㅎㅎ 천장을 바라보면 bokeh 글자가 중간중간 보이는데 ‘보케’ 찾는 재미도 있어요ㅋㅋㅋ 입구쪽 벽면에 옷을 걸 수 있는 곳도 있어요! 높이도 제각각이라서 어지러움에서 오는 평화(?)를 느낄 수 있었어요~ 그리고 #연희동카페 #연세대카페 #카페보케 는 1인 1음료를 원칙으로 하고 있어요!! 이번에 바닐라소다라는 음료가 새로나왔다고 하길래, 바닐라소다와 롱블랙, 특히 디저트가 맛있다고해서 치즈케익까지 주문했답니다! 자리에 앉아 이야기하다보니 사장님께서 직접 서빙까지 해주시더라구요~ 디자트와 음료가 나왔는데, 뭐이리 비주얼이 좋지?!ㅋㅋㅋㅋㅋ 게다가 바닐라소다가 너무 기대됐는데, 언능 마시고 싶엉!!!! 그 전에 사진 조금만 찍구요;;;ㅋㅋㅋㅋㅋ 바닐라 소다를 와인잔에 담아주셨는데, 괜히 힙지로 감성이 아닌 것 같아요~ 위에 베리와 허브로 데코를 하셨는데, 바닐라향이 은은하게 나면서 하브향과 베리향도 너무 좋더라구요~ 어떻게 표현해야할 단어가 잘 안떠오르는?ㅋㅋㅋ 정말로 추천드리는 음료이고 시그니처 메뉴가 될 것 같아요!!! 롱블랙은 향과 맛이 그렇게나 좋더라구요 산미가 있는 듯 없는 듯 고소하면서 부드러운 맛이 일품이였어요! 영국에서 마시던 따뜻한 아메리카노가 생각났어요!! 치즈케익 단면을 보면서 너무 좋은게 너무 깔끔하게 잘 자르셔서~ 이런거에 순간적 만족을 얻었답니다ㅎㅎ 뭔가 숙! 하고 얹힌게 내려가는 느낌?ㅋㅋㅋㅋ 게다가 너무 달지않고 깔끔한 치즈케이크였는데, 제 개인적으로는 치즈버다는 요거트에 가까운 아주 부드럽고 탱글탱글한 케익이였어요! 처음 맛본 맛!!! 먹으면서 너무 신기했잖아요ㅋㅋㅋㅋ bokeh_coffee • Instagram 사진 및 동영상 팔로워 405명, 팔로잉 5명, 게시물 6개 - @bokeh_coffee님의 Instagram 사진 및 동영상 보기 instagram.com 연희동 카페 데이트하기에 너무 좋은 카페보케 추천드려요~~!!! 오늘도 내돈내산으로 알차게 먹으러 다녔네요ㅋㅋㅋ #연희동카페 #카페보케 #bokeh #연세대카페 #연데카페 #신촌카페 #홍대카페"
연희동 보케(bokhe) l 뷰가 예쁜 카페 겸 와인바,"연희동에 새로 생긴 카페 함 가봤어유 50m © NAVER Corp. bokeh 서울특별시 서대문구 연희로 116 2층 좌측 후기에서 되게 힙지로 같다는 이야기가 많았는데, 확실히 바닥 타일이 독특해서 힙해보였어요 ㅋㅋ 플라타너스뷰가 예쁘다고 했는데, 제가 갔을때는 나무들이 잎이 다 떨어져서 ㅜㅜ 나중에 꼭 다시 방문하고파요.. 저희는 창가 앉았는데 조금 추웠어요 메뉴 주문하러 고고 전체적으로 매장에 식물들이 많았는데 매장이 되게 예쁘고 분위기 좋더라구요 메뉴판 영수증 리뷰시 아메리카노 한잔 무료라고 함니다 나 왜 이제 봤지 여기 커피가 맛있다네요 푸딩도 맛있다고 함 !! 와인바라서 와인잔도 팔고 와인도 팔아요 전체적으로 카페가 깔끔하고 예쁘죠 !! 오늘의 티, 바닐라소다 (둘다 6,500원) 오늘의 티는 매번 달라지는 것 같은데 ?아마도 이 날은 오렌지 어쩌구 였어요 오늘의 티를 여쭤보면 사장님이 티가 뭔지, 향과 맛을 친절하게 설명해주심니다 사장님 친절하시고 조아요 오늘의 티는 향이 넘 좋았어요 얼음도 커서 잘 안녹고 굿 바닐라소다도 뭐지 ? 했는데 사장님이 설명해주셨어요 탄산수에 바닐라시럽이 들어간 음료라고 하셨는데, 그냥 이름도 이쁘고 특이한 메뉴 같아서 주문해봤어요 이쁘지않나염 후추같은것도 뿌려져 있고, 로즈마리와 얼린 라즈베리가 있어요 맛은 탄산수에 커피 시럽 넣어 먹는 맛이었어요 특이한 맛ㅎㅎ,.. 여기도 슬쩍슬쩍 식물이 보이네요 요기까지 연희동 보케였슴다 커피가 맛있다고 하니 다음에는 커피 마셔볼라구요 분위기 만으로도 재방문의사 100 담에 꼭 플라타너스 뷰 보러갈래욤"
"보케 BOKEH "" 분위기 좋은 연희동 카페 추천",서울 서대문구 연희로 116 2층 010-7577-7554 화-금 11:00-20:00 토-일 12:00-21:00 매주 월요일 정기휴무 걷다가 우연히 발견한 연희동 보케 분위기 너무 좋아보여서 꼭 가봐야지 다짐했다 ㅎㅎㅎ 그러다가 몇주 뒤 다시 방문 !! 길가에 붙여진 이 케이크 사진에 홀딱 반했따 힙하다 힙해 실리카겔 생각나 2층으로 계단을 올라 좌측에 이 문을 열고 들어가면 분위기 좋은 카페가 나온다 보케 메뉴판 통창이라 분위기 너무 좋았음 ㅎㅎ 좌석도 많고 나는 라떼랑 레어치즈케이크 주문 케이크도 맛있고 라떼도 맛있었음 ㅎㅎ 오랜시간 노트북하기에도 괜찮았다 곳곳에 꾸며놓은 소품들도 좋았고! 조명도 예뻤고 화장실도 매장 안에 있음 연희동에서 조용하고 분위기 좋은 카페를 찾는다면 추천! 50m © NAVER Corp. bokeh 서울특별시 서대문구 연희로 116 2층 좌측 #연희동보케 #연희동카페추천 #서울카페추천 #분위기좋은카페추천 #조용한카페추천 #bokeh
"[연희동 카페] 연희동의 감각적이고 따뜻함이 느껴지는 공간, bokeh 보케","연희동에 위치한 감각적이고 따뜻함이 느껴지는 공간인 bokeh(보케)에 다녀왔습니다. #보케 영업시간 화-금 11:00~21:30 토-일 12:00~21:30 매주 월요일은 휴무 주차 X https://naver.me/xI2v3VaE bokeh : 네이버 방문자리뷰 140 · 블로그리뷰 76 naver.me 보케는 2층에 위치해 있습니다. 계단을 따라 올라가셔서 왼쪽 문을 열면 있습니다. 입구부터 예쁜 식물들이 있으며 전체적인 공간은 깔끔하고 감각적입니다! 저희는 들어가자마자 자리를 잡고 메뉴를 주문하러 갔습니다. 너무 더운 여름날 마시기 좋은 메뉴들이 많더라고요! 저랑 친구는 썸머라떼, 바질 토마토 에이드, 레어 치즈케이크(복숭아) 이렇게 세 가지 메뉴를 주문했습니다! 준비된 음료와 디저트는 자리로 가져다주십니다. 보케의 가구들은 모두 형태가 디자인적이고 멋있더라고요. 이런 가구들이 카페의 분위기에 한몫하는 것 같습니다. 테이블 아래에는 이렇게 예쁜 소품들이 배치되어 있어서 더 감성적이었습니다. 저도 모르게 예뻐서 사진 찍게 되더라고요. 주문한 메뉴가 나왔습니다. 메뉴 하나하나가 다 너무 예쁘지 않나요? 썸머라떼는 달달한 아이스크림이 올라간 라떼 바질에이드는 상큼하고 달달한 토마토와 향긋한 바질이 어우러지는 상큼한 에이드 그리고 레어 치즈케이크는 빵 위주보다는 크림치즈 중심의 크리미한 케이크였습니다. 위에는 복숭아 맛의 젤리와 복숭아 몇 조각 그리고 예쁜 데코들이 올라가있었습니다! 예뻐서 이리저리 사진도 찍고 주말 방문이라 그런지 사람은 좀 많았지만 평일에 방문하면 조금 더 조용하고 좋을 것 같습니다. 흰 벽들 사이사이에 이렇게 보케를 나타내는 포인트들이 있어서 더 재미있는 공간이었습니다. 사장님의 애정과 센스가 느껴지는 보케! 연희동에 가시게 되면 맛, 분위기 뭐하나 빠지지 않는 보케 한번 들러보시기를 추천드립니다."
연희동 [보케],"연희동 [보케] 서울 서대문구 연희로 116 2층 좌측 화-일 11:00 ~ 22:00 * 월 정기휴무 * * 변동 사항은 인스타 공지 * bokeh_office • Instagram 사진 및 동영상 팔로워 327명, 팔로잉 5명, 게시물 40개 - @bokeh_office님의 Instagram 사진 및 동영상 보기 instagram.com • 티라미수 5,500원 • 라테 (hot) 5,500원 연희동 숲 속에 들어와있는 듯한 #보케 #bokeh 판나코타를 먹을까 했는데, 전에 티라미수를 맛있게 먹은 기억이 있어서 또 티라미수를 주문했다. 커피뿐만 아니라 와인도 마실 수 있는데, 보틀로만 판매중이다. 그렇지만 가격도 저렴하고 디저트 와인이어서 부담스럽게 마실 수 있는 것 같다. 이곳도 크리스마스 분위기 한가득. 큰 통창으로 보이는 파란 하늘이 테이블에 비치는게 인상적이다. ‘보케’란 아웃포커싱에 의한 흐림의 아름다움을 나타내는 단어인데, 가게를 들여다보면 이 의미를 눈으로 느낄 슨 있다. 주문한 따뜻한 라떼와 티라미수가 나왔다. #티라미수 는 얇은 두께지만 알찬 맛이다. 얇은 빵시트는 커피에 푹 적셔져서 촉촉하고, 위의 크림은 너무 가볍지 않고 무게감이 있어서 아래 깔린 촉촉한 빵과 찰떡궁합이었다. 라떼는 우유와 커피의 밸러스가 좋았고, 너무 뜨겁지 나오지 않아서 호로록 마시기 편했다. 요즘은 카페에 큰 창이 나있는 곳이 많은 것 같다. 덕분에 맑은 날씨에도 좋지만, 비가 오거나 눈이 펑펑 내리는 날 더 빛을 발하는 곳이 될 듯 싶다."
"연희동국화빵, 월순철판동태찜, 보케, 시오 / 신촌 오향미엔, 건륭산시도삭면 / 성수 르프리크","바로 10월 일상 2탄 :-) 낫 미 이 대신 잇몸 🦷😬 드럼스틱 대신 주걱 🥁👩🏻‍🍳 가을 고양이는 귀엽다 🐱 이 사람들도 귀엽다 수업 마치고 후련하게 연구실 가는 길 ㅎㅎ 육회비빔밥이 먹고 싶었던 날 ㅎㅅㅎ 연구실 사람들이랑 뭐 먹을 때마다 자기 맛집 소개하느라 약속만 들어감 ,, 이날도 광장시장 대구 대전 다 나오고요 50m © NAVER Corp. 육회어때 공덕점 서울특별시 마포구 마포대로12길 24 1층 예약 약간 번개였던 만남! 두번째 먹으니까 더 맛있었던 월순철판동태찜,, 저번에는 동태찜을 먹었는데 이번에는 아구찜을 먹었다. 난 아구찜이 더 좋았다! 또 먹고 싶당 어른들이 많으시다고 방심하면 안 된다. 꽤나 맵기 때문에 덜 맵게를 요청해도 콧물을 아주 많이 흘리게 된다 그치만 너무 맛있다 50m © NAVER Corp. 월순철판동태찜 서울특별시 서대문구 연희맛로 17-14 1층 그리고 보케를 갔다. 안 가본 곳이라고 생각했는데 와 보니 여기도 뜌랑 왔던 곳이었다. 무화과산도를 먹었는데 우와 넘 맛있어서 하나 싸갈까 고민함 스모크 밀크티라는 신기한 밀크티도 마셨다 민언니 생일 같이 챙길 수 있어 또 즐거웠다 😍🧸 50m © NAVER Corp. bokeh 서울특별시 서대문구 연희로 116 2층 좌측 유니가 알려줘서 사본 사러가 약과! 꽤나 유명하다고 했다 연구실 사람들이랑 나눠 먹었는데 찐득찐득 약과 아니고 바삭약과인데 우앙 마싯오 ❤️ 인기 많아서 인당 구매제한 3개임 ,, 50m © NAVER Corp. 사러가 서울특별시 서대문구 연희맛로 23 사러가 그리고 맛잘알 민언니 따라 연희동 국화빵까지 섭렵 ,, 초코랑 녹차슈크림, 팥 이렇게 3개 맛 있었는데 초코가 찐이었다 살짝 쌉싸름한 초코 맛이 너~~무 막있었음! 이거랑 약과랑 연구실 사람들 노나줬더니 극찬받음 우하하 사다줄 맛 남 50m © NAVER Corp. 연희동 국화빵 서울특별시 서대문구 연희맛로 17-21 1층 수업 마치고 딱 나왔는데 단풍이 예뻐서 📸 시오를 처음 가봤다 뭐 먹지 하다가 신선한 거(?) 먹고 싶다고 가놓고 샐러드 잔뜩 남김 .. 그래서 지적 당하고 다시 먹었다 무난하고 깔끔한 일본가정식! 50m © NAVER Corp. 시오 서울특별시 서대문구 연희로11가길 23 1층 예약 이날은 금요일 고정 식사 메이트들과 함께한 볶음도삭면! 자취할 때 근처라 가서 먹을 때 신세계였던! 근데 면이라 ,, 배달시키면 아쉬움 ㅠㅠ 50m © NAVER Corp. 건륭산시도삭면 신촌본점 서울특별시 서대문구 명물길 33 1층 건륭산시도삭면 예약 우와아아아아아 르프리크 또 먹으러 갔다!! ㅋㅋㅋㅋ 버거 안 찍고 감자만 찍은 거 바 사실 이 감자 때문에 다시 간거라 2개나 시킴 ㅎㅎ 트러플 살짝 올라간 ,, 이맛 대박임 50m © NAVER Corp. 르프리크 서울특별시 성동구 연무장5길 9-16 블루스톤타워 B103 으띤 남자칭구 공개 뚜둔! 이쁜 커플 모습에 좋고 부럽고 그래.. / 유똥의 생일선물 🎁 조만간 하고 나가겠음 우하하 인상깊었던 웹툰 대사 📖 나이를 먹을수록 경험을 통해 현명해지고 현실적이어지는 것도 있지만 동시에 안 좋은 경험들을 기반으로 필요이상 방어적이게 되는 것도 있는 것 같다 어쩔 때는 방어적인 태도가 필요할 때도 있지만 어쩔 때는 그게 유연한 사고를 막기도 하고 누군가를 오해하게 하고 심지어 꼰대같아지게 할 때도 있다. 경험들을 필요에 따라 잘 꺼내쓸 수 있는 내가 되고 싶다 축 레벨업 하 맘스터치는 왜 이렇게 맛있을까 또 먹어야지 배고파서 야식 뇸념 하며 혼자 커룸에서 티비본날 우하하 출근 완료 + 냠 🍪 일주일 열심히 먹은 쿠키 ~ 조금은 나에게 뿌듯함을 주기도 했던 쿠키 ㅋㅋ ㅎㅎ 요맘때 사람들 이 앞에서 사진찍고 여간 난리가 아니었음 예쁘긴 하다! 🍁🍂 너~무 맛있었던 오향미엔 ! 당찬행복선물 번개 모임 ~ ⚡️우린 밥을 목적으로 간건데 술집이긴 해서 근데 너무 시끄럽고 일행이랑 통화해야 할 판 🤦🏻‍♀️ 볶음면, 유린기 대박 맛이ㅛ음 ㅠㅠ 난 만두를 별로 안 좋아하지만 만두도 맛있았음 빨리 또 가서 다른 메뉴들 웬만하면 다 먹어보고 싶음 50m © NAVER Corp. 오향미엔 서울특별시 서대문구 연세로7안길 34-4 1층 그리고 몰리스 ! 50m © NAVER Corp. 몰리스 서울특별시 서대문구 연세로5다길 22-7 진짜 너무 맛있게 잘 먹는 요즘이었다 너무 내돈내산인 게 문제지 근데 진짜 올린 거 거의 다 맛있음 !! 추천"
연희동 낮엔 커피 저녁엔 와인을 즐길 수 있는 커피맛집 카페 보케 bokeh,"연희동 낮엔 커피 저녁엔 와인을 즐길 수 있는 커피맛집 카페 보케 bokeh bokeh 서울특별시 서대문구 연희로 116 2층 월화수목금토일 11:00~ 22:00 둘째 넷째 월 휴무 https://www.instagram.com/orezeajc/ (@orezeajc) • Instagram 사진 및 동영상 팔로워 237명, 팔로잉 5명, 게시물 87개 - (@orezeajc)님의 Instagram 사진 및 동영상 보기 www.instagram.com 낮엔 커피와 맛있는 디저트, 저녁엔 와인을 즐길 수 있는 연희동 카페 겸 와인바 보케 입구 둘쨋주와 넷쨋주의 월요일은 휴무이니 꼭 참고 하시고 방문:- 제가 둘쨋주 월요일에 방문을 하고 오픈 시간이 10분이 지나고까지 입구에서 기다렸다고 그러고나서 인스타를 확인 하고 나서 아하링.. 하고 돌아갔던 일이 있었지요 연희 삼거리 근처에 위치한 보케, 잘 보이는 곳에 위치한 것은 아니다보니 지나다 방문을 하기엔 조금은 어려울듯한 위치해 있다. 메뉴판 레드와인 화이트와인 그리고 스파클링 와인들이 왼켠에 준비가 되어 있고 간단한 커피와 논커피 그리고 디저트 메뉴가 준비가 되어 있는 보케 생각보다 메뉴들의 구성이 작아 조금은 의아했지만 적으면 적을수록 메뉴 하나하나의 맛은 높을거란 믿음을 가진다고 원래는 판나코타와 아메리카노를 먹으려고 방문을 했지만 보늬밤이 요근래 생긴듯한 스티커로 메뉴판에 붙여져있었다. 아메리카노 아이스 보늬밤 직원분들의 공간 심플하면서도 깔끔했던 직원분의 공간, 와인바와 카페를 둘 다 동시에 운영 하는 공간이다보니 잔 자체도 와인잔과 음료잔들이 잔뜩 눈에 띄었다. 선반은 역시 가득 차 있는것보다 저렇게 켠켠은 조금씩 비워둬야 감성이고 간지지 딱 들어섰을땐 여성분의 직원분인지 알았지만 잘 생기신 남성 직원분이셔서 조금 놀랬어, 머릿결 너무 좋으셨어 내부 길 다란 바 하나와 몇몇 2인 테이블로 내부 좌석들이 준비가 되어 있다. 붉은색의 바닥색과 실버의 조합이 꽤나 고급스럽게 느껴졌던 내부 좌석마다의 간격도 넓어서 너무 좋았고, 밝은 낮의 분위기도 너무 좋았지만 저녁의 와인을 즐길 수 있을 시간대가 조금은 더 보케만의 분위기를 느낄 수 있지 않을까 싶다. 보늬밤 아메리카노 아이스 아메리카노 아이스 밸런스 좋게 느껴졌던 아메리카노 아이스, 산미가 그리 높지 않아 하루의 첫 커피로 너무 좋았던 아메리카노 아이스 물 한잔과 같이 준비를 해주시는데, 이런 섬세에 꽤나 감동 받는데 보늬 밤 밤조림 자체를 너무 좋아하기도 하고 이제 날이 슬슬 추워지는데 밤과 붕어빵의 계절이 다가왔구나 라고 느껴졌었다. 밤조림이 아닌 보늬밤인데, 보늬 라는것이 말이죠 밤의 겉 껍질이 아닌 속 껍질을 말하는단어로 보늬밤은 속 껍질 채로 만들어진 거라 생각 하면 됩니다(?) 속 껍질이 있냐 없냐의 차이도 은근히 있는거 같은데 말로 설명은 어려운 막입 근데 밤 조림과 군밤은 그냥 맛있다는거 너무 맛있었던 보늬밤, 그리고 같이 준비를 해주신 치즈까지 밤과 치즈의 조합이 또 이렇게 맛 없없 조합이긴 하지만 또 잘 어울릴줄이야 그래도 양에 비해 조금은 비싼 감은 있지만 맛은 또 있으니 다음에 방문을 한다고 해도 또 주문을 할 거 같기도 하고 내부와 입구 어느 곳곳에 있는 레터링들 이런거 찾는 소소한 재미가 있다지 아직 오픈을 한 지 오래 된 곳이 아닌 신상 카페인 보케 인스타를 어쩌다 보게 됬지만 많은 종류의 디저트들도 준비 예정이라고 하시니 다음에 방문을 했을땐 판나코타도 먹어보고싶지만, 더 더 핫한 디저트를 기대하게 됬다. 너무 잘 먹었고, 다음에도 시간이 된다면 방문 하고 싶은 카페 끝ㅌㅌ"
"[연희동 카페] 평화로운 공간, 보케 bokeh","평화로움, 차분함을 가진 카페 #보케 영업시간 : 화-금 11:00 - 21:30 / 토일 12:00 - 21:30 라스트오더 : 21:00 휴무일 : 매주 월요일 주차 : X 50m © NAVER Corp. bokeh 서울특별시 서대문구 연희로 116 2층 좌측 고즈넉한 공간이 있다고 해서 다녀온 곳! 보케는 2층에 있어요! 요 문을 통과하면 되는데 문이 너무 예쁘죠! 사실.. 작년 11월에 가오픈때 다녀와서 메뉴판에 좀 변동이 있더라구요! 아무튼 요렇게 주문! 롱블랙 5.0 판나코타 6.0 보늬밤 7.5 바 공간이 너무 멋지지 않나요 저희는 카페로 갔는데 와인도 판매중이더라구요! 보케의 매력은 내부 인테리어는 좀 차가운 분위기인데 외부의 초록색과 식물들로 중화시킨 느낌 :-p 그리고 둘러보다보면 곳곳에 보케 도장 쾅! 테이블과 의자들도 개성적이고 예쁨! 세모의자는 처음 봤어요 불편하진않을까 했지만 의외로 편함! 짠! 롱블랙 5.0 판나코타 6.0 보늬밤 7.5 보늬밤 7.5 보늬밤과 치즈 한스푼 보늬밤 만들어볼까 했지만 남이 해준 보늬밤이 제일 맛있지..♥ 판나코타 6.0 클래식 바닐라빈 우유 판나코타! 적당히 달달하면서 고소한 맛! 롱블랙 5.0 그리고 단맛을 잡아주는 아이스 롱블랙! 와글와글하지 않고 고즈넉한 분위기라 너무 좋았어요! 오늘도 카페투어는 성공적! -끝-"
연희동 조용한 신상 카페 겸 와인바 : 보케 bokeh,"#연희동조용한카페 #연희동조용한와인바 #연희동신상카페 연희동 조용한 카페 / 와인바 보케 Bokeh 연희동 카페는 웬만하면 일찍 닫는다😭 가고 싶었던 카페들은 모두 8시에 문을 닫았다 ㅠ 연희동에서 늦게까지 여는 카페를 검색해보다 찾은 카페 겸 와인바 연희동 보케 새로 생긴지 얼마 되지 않았다. 50m © NAVER Corp. bokeh 서울특별시 서대문구 연희로 116 2층 좌측 건물의 2층에 위치한 보케 입구 문이 카페처럼 생겨서 쉽게 찾을 수 있다 감각적인 보케 카운터의 인테리어 :) 카페 주방이 오픈형이고 보이는 것처럼 굉장히 깔끔하다. 보케 카페 메뉴 보케 메뉴 커피/음료메뉴는 다양하진 않다 와인 마시기에도 좋은 분위기였는데, 이날은 술도 커피도 못마시는 날이라 아쉽지만 오늘의 차를 골랐다. 디저트로 판나코타와 티라미수도 있다 저녁을 든든히 먹어서 디저트도 스킵! 카운터에 보이는 판나코타 비주얼을 참고하면 된다 :) 보케 내부 내부가 정말 감각적이었던 Bokeh 곳곳에 배치된 식물과 조명이 잘 어울렸다 카페 인테리어도 취향저격 사진찍기 좋은 연희동 카페 보케. 카페 내부에 화장실이 있는데 화장실도 엄청 깨끗하고 좋다 여러명이 와도 앉기 좋은 테이블이 있다 가볍게 음료마시면서 수다 떠니 시간은 순삭 ㅎㅎㅎ 여러모로 분위기나 인테리어도 좋았고 음악이나 조명도 좋았다 다음엔 가볍에 와인 마시러 올 예정!! :) 50m © NAVER Corp. bokeh 서울특별시 서대문구 연희로 116 2층 좌측 #연희동보케 #연희동신상카페 #bokeh"
2022 11월(4)_연희동 데이트 / 히메지 2호점 / 보케 bokeh / 테일러커피 서교점,"2022.11.13(일) 오랜만에 소지니와 데이투! 고즈넉한 분위기를 찾아 연희로 떠났다앙🧚‍♀️ 우리의 점심은 카레집 히메지! 여기는 2호점이당 난 여기가 매장인 줄 알고 오픈하기를 기다렸는데 바로 옆인 요 하얀매장도 히메지 ㅎㅎㅎ 이미 사람들이 먹고있었움ㅎ머쓱,, 앞에서 메뉴 미리보기 가능 이렇게 해둔 게 되게 일본같당 창가자리를 잡구 나는 새우카레! 엄청 실한 새우튀김이 하나 올라가있다 사이드 가라아게도 하나~ 소지니는 우동! 히메지는 증말 깔끔한 카레집! 양이 많아 든든하게 한끼 먹을 수 있고 가격도 저렴했다!! 다음에 또 생각나면 올게🧚‍♀️ 그리고 소지니의 추천으로 가본 엽서 매장 포셋 여기 감성 지렸다,. 엄청 조용하고 분위기 쩌러버리는 엽서집 엽서도 하나하나 너무 귀엽고 특이하고 심플한 것도 많고 낙서처럼 그려놓은 엽서도 좋아따! 넘나 탐나는게 많았는데 마이크로 백을 들고간 날이라 사지는 못했다 다음에 진짜 많이많이 사와야지🛒🛒🛒 카풰는~~ 연희동에 새로 오픈한 보케! 카페 천재 소지니덕에 뉴카페를 갈 수 있었다!! 연희동 골목이 아니고 좀 대로변 쪽에 있고 딱봐도 와인바겸 카페느낌이 낭낭해따! 어두운 분위기가 넘 잘어울리는 인테리어,,🫶 의자도 예뻐예뻐~~ 테이블을 다닥다닥 붙여놓지 않은 것도 좋았다 뜨아와 아아와 티라미수와 판나코타! 초크초크한 티라미수~~ 판나코타는 아마 첨 먹어보는 거 같은데? 너무 달지도 않고 정말 맛있었다!!우유랑 바닐라맛 가득!! 커피도 증말 맛있었다!! 뭔가 커피 맛집 느낌이었음 아니 디저트도 맛있어서 디저트 맛집인가? 아주 만족스러운 카페투어를 하고~~ 우리의 3차는 홍대에 있는 은행골 요즘 스시가 너무 땡겼는데 딱 은행골이 있지뭐야 유정언니도 퇴근하고 합류! 빠르게 은행골 조지고 진짜 몇년만에.. 거의 7년? 만에 홍대 테일러커피 여기 피스피스 파이가 팔고 잇다네요… 대박……테일러 머리 좋다,, 펌킨파이 하나랑 초코맛 파이’ 테일러 오면 커피 마시고 싶은데 밤이니까 나만 못먹구…. ㅠ 넘 완벽한 4차까지 마치고 세상 알찬 일요일 끝!!!! 50m © NAVER Corp. 히메지 2호점 서울특별시 서대문구 연희로11길 41 50m © NAVER Corp. 포셋 서울특별시 서대문구 증가로 18 3층 305호 포셋 예약 50m © NAVER Corp. bokeh 서울특별시 서대문구 연희로 116 2층 50m © NAVER Corp. 테일러커피 서교점 서울특별시 마포구 와우산로27길 7 소로몰"
"[연희] 연희동 달콤한 산도가 있는 디저트 카페, 보케 bokeh","연희동에 위치한 카페 '보케' ! 오픈하고부터 꾸준히 방문하는 카페 중 한곳입니다 ㅎㅎ 넓은 내부와 한쪽은 통창으로 되어있어서 탁 트인 분위기까지 아주 매력적인 공간,, 초반에는 와인바도 같이 운영하셨는데 이제 와인은 판매하지 않는 것 같더라구요 독특한 디자인의 테이블과 감각적인 인테리어, 조명까지 취저 2인 테이블부터 다인석이 가능한 테이블이 있어요 롱블랙 깔끔하고 다크한 커피맛이 좋은 롱블랙 산미가 없어서 고소한 맛도 좋고 역시 커피 수혈이 최고,, 고구마 브륄레 산도 구황작물 러버인 저는 이거보고 달려갔습니다 그냥 고구마산도가 아닌 브륄레 산도라니 ㅠㅠ 내꺼다 이건 보기만해도 가을가을한 디저트 같아요 무엇보다 크기도 꽤 큰 편이라 놀랬어요 ㅋㅋㅋㅋ 알차다 ! 그리고 절대 실망시키지 않는 두툼한 고구마 단면샷까지 ㅠㅠ 쫀쫀한 빵과 부드럽고 달달한 크림, 브륄레가 된 고구마까지 고구마는 밤고구마였는데 퍽퍽한 밤고구마 특유의 식감과 부드러운 크림 조합이 오히려 좋았던 것 같아요! 그리고 크림 사이에 후추가 들어가서 느끼함도 잡아주고 후추의 알싸한? 맛이 아주 묘미,, 고구마 브륄레 자체도 짱맛 초반에 먹었던 딸기 판나코타에도 후추가 들어갔었는데 신박하고 지인짜 맛있었던게 생각이 나요 = 사장님 디저트 장인 카페 곳곳 멋스러운 소품들도 보는 재미가 있고 앉아있으면 잔잔하고 편안한 분위기를 주는 것 같아요 반려동물 동반도 가능하니 참고하시면 좋을 것 같아요! 연희동에서 디저트 카페 찾으시면 '보케' 추천드려요 50m © NAVER Corp. bokeh 서울특별시 서대문구 연희로 116 2층 좌측"
"/ 연희동 일상 (연희 에스프레소바, 요릿집, 카페 보케)","르솔레이 마들렌 먹고 연희 에스프레소바! 여기 햇살 맛집💙 넘 예뻐..✨✨✨ 야외 테이블도 있는데, 자리가 없곸 ㅋㅋ금방 나올거라 스탠딩으로! 스트라파짜토 사약 비쥬얼이지만 역시 맛있오.. 연희 에스프레소엔 오렌지쨈이 같이 나오는데 요건 약간 호불호 있을수도👉🏻👈🏻 ㅇㅎ 동네 댕댕이 친구들도 많이 논너옵니다><.. 머신이 넘 멋찌더라구요? 커피 내리실때 포스가..🖤 사러가마트 앞에서 꽃구경 하고 매뉴팩트를 지나 도착한 요릿집! 궁중 요리를 기반으로 한 한식 코스에 전통주를 페어링할 수 있는 곳 찬품단자 1인 52,0 주류 1인 1잔이상 주문 필수 곁들임주 3잔 35,0 / 5잔 50,0 2주에 한 번 메뉴 구성이 바뀐다고해요! 네이버와 인스타그램 참고📝 @yoleezip 화려한 쇼케이스.. 전통주 종류 정말 다양하고 흥미로운데 (알쓰 주제에 흥미로워함🤓) 가볍게 마셔야해서 맥쭈를.. 마셔야했던게 그게 쪼곰 아쉬움,, 추사40 에피타이저 향긋했던 봄나물과 소라 부각, 두부구이와 명란젓 봄달래바지락전과 파산적! (요건 쪼금 아쉬웠던 기억) 바로 앞에 갑오징어, 지리산 참두릅, 담양 죽순을 들깨로 버무린 냉채도 나왔는데 사진이 없네요오 자극적이지않고 순둥순둥, 건강한 맛 만두피가 쫄깃쫄깃, 묵은지로 만든 김치 만두 가끔 이렇게 담백한 손만두가 땡김! 아롱사태 수육과 해파리 냉채 사실 선호하는 메뉴 스타일은 아닌데 새콤새콤한 해파리 냉채랑 달콤한 배, 아삭한 오이, 수육이 흔치않은 조합이라 신선하게 느껴졌다 거제도 반건조 대구탕과 오이무침 반건조다보니 식감이 좀 있는 편이었고 국물이 진짜 시원해서 바로 해장되는 맛 제일 좋았던 도미 솥밥!!! 도미솥밥은 단품으로 시켜먹고싶을만큼 취저취저..* 하겐다즈 아수크림이랑 과일 디저트로 마무링..* 전반적으로 튀지않고 수수한 느낌이었던 한식 코스 요리 배도 너무 부르고,, 바로 근처 카페 보케에서 조금만 쉬었다 가기루 예쀼 유자민트티 , 아아 사장님도 친절하시구, 주말 저녁인데 손님들이 다 조용히 책을 읽고 계셔서 참 차분했던 공간 연희동 나들이도 비싸고(!) 배부르고 알찼다🐷 연희 에스프레소 바 서울특별시 서대문구 연희로11가길 36 1.5층 요릿집 서울특별시 서대문구 연희맛로 36 예약 bokeh 서울특별시 서대문구 연희로 116 2층 좌측 카페, 커피 일상🍎(@___yw.h) • Instagram 사진 및 동영상 팔로워 18K명, 팔로잉 305명, 게시물 1,726개 - 카페, 커피 일상🍎(@___yw.h)님의 Instagram 사진 및 동영상 보기 instagram.com"
"[서대문/연희동] 푸릇한 초록색과 실버의 은은한 조합, 카페 보케(bokeh)ㅣ반려동물 동반 홀케이크 예약","bokeh 서울특별시 서대문구 연희로 116 2층 좌측 운영시간 화-금 11:00 - 20:00 토-일 12:00 - 21:00 월 휴무 특이사항 단체석, 포장, 예약, 무선 인터넷 반려동물 동반 카페가 없을 것 같은 건물 2층, 고양이전용호텔 옆에 카페 보케가 있다 한국인이 읽을 수 없는 당기세요… 운영시간도 여기 화이트로 써뒀다 요거 아이디어네… 보케 커피 메뉴 메뉴판도 종이가 아니라 마카로 적어두었는데 너무 웃긴게 처음에는 레치케…? 레치케가 도대체 뭐지? 이런 생각으로 순간 고민했다 레몬 치즈 케이크? 레이어 치즈 케이크? 정답은 레어 치즈 케이크…! 아니 이거 약어도 모르면 주문 못하겠는데 싶었다 이거 말고 네이버 메뉴 란에 보면 홀케이크 예약도 있던데 모양이 약간 현대미술 같았음... 한켠에 가지런히 줄 서있는 종이컵 카페 보케는 초록과 실버가 조화로운 공간인데 이게 은근히 안 어울리나 싶은데 또 묘하게 적절하다 카운터 가까이에는 빠알간색 의자로 눈에 띄는 색상 가구가…! 아주 그냥 눈이 즐거워 반려동물 동반인데 방석이나 제한사항은 따로 적혀있지 않았다 (한번 매장으로 문의해봐야할듯) 전에는 조금 더 자리 여유가 많고 우드톤에 널-찍한 느낌이었다면 가운데 테이블이 들어오고 처음 오는 건데 실제 좌석은 더 많고 밀도는 높아져도 가운데 거울이 있어서 그런가 빽빽한 느낌이 들지는 않는다 깨알같은 분야문의 안내문 사장님이 직접 키우신다고…! 아스파라거스야 잘 자라렴~ 이런 간유리도 너무 멋지고 그냥 전체적으로 분위기가 좋다 실버가 메인이라 약간 사이버틱한가? 싶으면 식물과 색상 가구가 누른다 묘한 조합을 이루고 있는 공간 요로코롬 그림도 있고 아 나도 요즘 진짜 그림 그리고 싶은데 색연필/크레파스 그림 그려봐야지... 아이스 아메리카노 테이크아웃으로 가지고 나왔는데 날이 너무 덥다-! 종이잔에 주셔서 좋긴한데 다음 번에는 텀블러 들고 가야쥐-! . . . . . . . . . . #연희동카페 #연희삼거리카페 #보케 #판나코타 #홀케이크 #레어치즈케이크 #서울카페추천 #연희동카페추천"
연희동카페 bokeh 보케,"bokeh_coffee • Instagram 사진 및 동영상 팔로워 1,691명, 팔로잉 1명, 게시물 36개 - @bokeh_coffee님의 Instagram 사진 및 동영상 보기 instagram.com 눈누 요즘 저의 페이보릿 #카페 소개해드릴게요 #보케 #bokeh 보케의 장점이라하면 다양한 식물들이 있고, 햇살이 잘 들어온다는 것 같아요. 친절하신 사장님도 계시구요. 카페에 딱 어울리는 사장님이셨어요😊 따뜻한 너낌 갬성갬성한(?) 사진들 몇장 넣어주고 이날은 #매실에이드 를 마셨어요 #사장님추천 음료와 디저트류가 다 맛있어요 이건 이전에 왔을 때 먹었던 #무화과산도 요즘 산도를 하시더라구요. 여기가면 환기가 되서 그런지 일도 잘되는 것 같아요ㅎㅎ 메뉴를 제가 못찍어서 네이버박사님께 여쭸습니다 권삐삐 욤욤박사님 알려주셔서 감사합니다. 쨌든, 저는 이 카페 단골할 예정입니다. 우선 사장님께 얼굴을 알리게쒀~~ 그럼 또 올게요"
연희동 카페 겸 와인바 Bokeh 보케 사람없고 분위기좋은 곳 추천,"연희동 카페 BOKEH 보케 감성있는 카페 추천 음악회를 보기 위해 연세대학교 내 금호아트홀을 찾았습니다. 토요일과 다르게 오후부터 날씨가 좋았던 일요일이어서 조금 일찍 집을 나섰죠. 공연 시작 전 까지 여유가 있어서 연희동 구경도 하고 커피도 한 잔 할까 해서 좀 걸었는데, 세상에! 예쁘다는 카페마다 사람들이 무지 많더라고요. 게다가 저는 혼자 였어서 사람이 너무 많은 곳은 부담스러웠어요. 적당히 한적한 곳에서 쉬고 싶은데 발길 닿는 곳마다 어찌나 사람으로 가득 차있던지! 계속 이리저리 헤매다가 예전에 가보고 싶어서 지도에 표시해둔 카페를 발견했어요. 당연히 여기도 예뻐서 찜해둔 곳일테니 '손님이 많겠지...' 하고 문을 열었는데, 다행히 저 말고 두팀밖에 없었네요. 신촌 연희동 카페 BOKEH 보케 감성있는 카페 추천 연희삼거리, 연희초등학교 근처 대로변 건물 2층에 위치한 BOKEH(보케)의 출입문은 이렇게 불투명 유리로 되어 있어 문을 열어보기 전까지 안을 살필 수가 없어서 조마조마 했어요. 사람이 많을까봐. 그러나 다행히 한적한 곳이었죠. 테이블 간 간격도 넓고 공간을 여유롭게 쓰고 있어서 정말 마음에 들었습니다. 주말 연희동에 이런 커피집이 있다니! 공유하기 싫을 정도로 저만 알고 싶더군요. 신촌 연희동 카페 BOKEH 보케 무드있는 커피집 추천 들어가자마자 바로 빈 테이블에 가방을 놓고 음료를 주문했어요. 커피가격도 나쁘지 않았어요. 걸을 때 바람이 꽤 매서웠어서 따뜻한 라떼를 시켰고, 가격은 5,500원이었습니다. 저렴한 건 아니지만, 요즘 물가 대비 평범한 수준인 것 같네요. 디저트 메뉴도 있었는데 제가 메뉴판 사진을 못 찍어왔네요. 신촌 연희동 감성있는 카페 추천 BOKEH 보케 커피를 기다리면서 카페를 구경했어요. 올드해보이는 붉은 바닥과 달리 카페 안에 자리한 테이블과 의자, 화분 및 소품들은 굉장히 힙해보이더라고요. 사장님께서 식물을 엄청 좋아하시나봐요. 참고로 BOKEH(보케)라는 상호의 뜻은 렌즈가 빛의 아웃 포커스 지점을 표현하는 방법으로 정의되는 사진 표현 방법을 의미하는 단어로 영어로 표기하지만 원래 흐릿함을 뜻하는 동음의 일본어에서 유래했대요. 내용출처: 위키피디아 '보케' 신촌 연희동 카페 추천 BOKEH 보케 인스타 감성 카페 스틸소재와 강화유리로 구성된 테이블은 5~6개 정도 있었던 것 같고, 매장 중앙에 10인용 정도의 대형 테이블이 있었어요. BOKEH(보케)에 대해 검색해보면 매장모습이 지금과 다른 사진들도 많더라고요. 운영을 하시면서 가구 배치를 여러번 바꾸신 것 같아요. 저 의자 디자인이 신기해서 검색해보니 르꼬르뷔지에 체어라고 나오네요. 그 이름만 듣던 건축가 겸 디자이너의 상품이라네요. 자세한 설명을 찾을 수가 없어서 이게 맞는 정보인지도 잘 모르겠습니다. 어쨌든 블랙, 골드 등 다른 색상도 있었어요. 다리가 세 개인 의자도 처음이고 삼각형모양도 낯선데 생각보다 착석감이 편해서 놀랐네요. 살찐 제 엉덩이를 잘 받쳐준 이 의자 정말 예쁘지 않나요? 그리고 테이블 유리 아래 공간이 살짝 떠 있어서 시기마다 다른 장식품을 놓는 것 같더라고요. 철이란 소재가 주는 차가운 느낌이 중화되는 것 같아요. 신촌 연희동 카페 BOKEH 보케 새로 생긴 핫플레이스 매장 중앙에 놓인 긴 테이블도 붉은 의자와 참 잘 어울리죠. 여성분들 둘이서 들어와서 중앙 테이블에 앉으려다가 간격이 너무 먼 것 같다며 도로 나가시더군요 나란히 앉아도 될텐데, 뭔가 마음에 안 드셨나봐요. 저는 친구랑 이 카페를 찾는다면 중앙 테이블을 이용해보고 싶네요. 커피말고 와인도 판다고 들어서 저녁에 가벼운 안주와 함께 한 잔 하면서 조곤조곤 대화를 나누면 좋을 것 같아요. 테이블 뒤로 보이는 얇은 문은 화장실입니다. 신촌 연희동 카페 추천 BOKEH 보케 카페 BOKEH 보케가 마음에 들었던 이유 중 하나는 화장실이에요. 매장 내부에 남녀공영으로 있기 하지만, 정말 깔끔해요. 사용 전 손 세정제와 핸드 크림이 변기 옆에 비치되어 있는 게 귀여워서 찍어왔네요. 신촌 연희동 연남동 카페 겸 와인바 보케 bokeh 라떼 주문한 커피는 직접 테이블로 가져다 주십니다. 아직 해가 지기 전이었어서 창가에 비치는 은은한 햇빛에 사진이 정말 예쁘게 나오네요. 이전 포스팅에서도 말했듯이 4시부터 6시 사이의 자연 조명이 주는 무드는 정말 아름다운 것 같아요. 라떼는 고소하고 부드러웠어요. 커피잔 크기가 작은 편이라 우유가 많이 섞인 라떼는 아닙니다. 상대적으로 커피 원두의 맛을 더 강하게 느낄 수 있다고 해야할까요. 신촌 연희동 카페 BOKEH 보케 미처 브랜드를 메모해오지 않았어서 모르겠지만 이렇게 생긴 스탠드가 크기 별로 여기저기 있어요. 제품 홍보를 위한 것인지 잘 모르겠네요. 독특하면서도 통일된 디자인의 조명들이 카페 곳곳을 장식하는 게 신기했어요. 신촌 연희동 카페 추천 BOKEH 보케 플랜테리어 카페에는 '아스파라거스 나누스'라는 관엽 식물 화분이 진짜 많아요. 왼쪽 사진에 보이는 화분을 받쳐놓은 오브제에 눈이 가서 한참 쳐다봤네요! 플랜테리어도 한 몫하는 커피집이에요. 바닥에 작은 거울을 무심하게(사실 치밀하게 겠죠?!) 툭 놓으니 귀엽네요. 이런 아이디어는 어디서 얻으시는지! 제가 서있는 방향에서 보면 거울에 귤나무 열매가 보여서 재밌더군요. 신촌 연희동 카페 추천 BOKEH 보케 라떼 홀짝홀짝 라떼를 마셨는데, 바리스타분께서 만들어놓은 라떼아트가 계속 살아있네요. 커피잔에 남아있는 음료의 흔적도 괜스레 예뻐보이고 해질녘이 다가오는 시간의 빛이 너무 예뻐서 찍어봤네요. 음악회를 보기 전까지 할 일이 없다보니 계속 셔터만 눌러댔어요. 신촌 연희동 카페 추천 BOKEH 보케 제가 카페 BOKEH(보케)를 떠날 때 쯤 밖이 어두워지면서 카페도 더욱 무드있어 졌어요. 전체적으로 조명을 은은하게 켜놔서 아주 분위기가 좋더군요. 가사가 없는 리드미컬한 연주음악도 흘러나오고, 더 앉아있고 싶었습니다. 신촌 연희동 카페 추천 BOKEH 보케 항상 제 블로그에 들러주시는 많은 분들께 보내는 마음을 표시하며 연희동에 있는 감성 넘치는 카페 BOKEH 보케에 대한 후기는 여기까지! 일요일임에도 불구하고 손님이 많지 않아 다음에 또 가고 싶은 곳이었어요. 신촌, 연남동 쪽 놀러가셨다가 답답하지 않은 여유로움을 원하시는 분들은 한번 방문해보시길 추천합니다. 아 그리고 나무들이 푸릇푸릇한 계절에는 카페 창밖으로 울창한 플라타너스의 초록잎들이 보인대요. 지금은 앙상해진 나뭇가지 사이로 연희동 동네 풍경을 보실 수 있지만 초여름의 초록 뷰가 기대되네요. 50m © NAVER Corp. bokeh 서울특별시 서대문구 연희로 116 2층 좌측"
(서울/연희동) 보케,#연희동보케 #보케 #bokeh #연희동카페 #연희동와인 두 번 방문한 보케~ 첫번째는 저녁에 방문해서 와인을 먹었는데 분위기가 넘 좋았고! 커피도 판다는 걸 알게되어서 빠르게 재방문해서 커피를 마셔보았다 깔끔한 분위기~~~ 내부가 넓~직하고 자리도 띄엄띄엄 있어서 좋았다 이게 메뉴~ 밥먹고 간거여서 따로 디저트는 시키지 않았고 아메리카노 두 잔 시켰다 아메리카노 사진은 따로 못찍었지만^^ㅠ 커피 둘 다 무난하게 맛있었다! 저 큰 일자형(?)테이블이 메인처럼 보이구 중간중간 2~3인 좌석이 있다 의자가 넘 특이해서 첫방문때 기억에 많이 남았다 의자뾰족쓰! 테이블마다 꾸며놓은게 달라서 보는 재미가 있었다 그리고 요새 이게 유행인가봐~~~~ 큰 테이블에 놓여있는 크리마스 장식품인데 내가 간 날이 이브여서 더 분위기에 알맞게 느껴졌다 아 저녁에 방문했을 때 살짝 어두운데 저 장식품들에 불 들어오니까 너~~~무 분위기 좋드라 그 사진이 없네^_^ 지난번에 저 자리에 앉았는ㄷ..ㅔ..! 그 때는 뾰족의자 4개 였는데 어느새 테이블/의자가 바뀌어있었다 넷이 도란도란 얘기하기엔 저게 더 좋아보임 방문했을 때 아무도 없어가지구 사진찍기에 맘편해서 좋았다 소심한 블로거 여기부터는 첫번째 방문 때 찍었던 사진! 낮사진이랑 비교했을 때 밤이 더 노란느낌이다 밤 분위기에 알맞는다고 생각이 들었다 낮에는 밝고 환하고~~ 밤에는 아늑하고~~ 와인도 바틀로 파는데 가격 괜찮지않나요? 커피랑 와인을 같이 파는 곳이라 더 방문하기 괜찮다고 느껴졌다 연희동 사랑방 하나 늘었군 잘 먹었습니다~.~ 50m © NAVER Corp. bokeh 서울특별시 서대문구 연희로 116 2층 좌측
연희동 [보케],"연희동 [보케] 서울 서대문구 연희로 116 2층 좌측 화-일 12:00 ~ 22:00 * 월 정기휴무 * bokeh_coffee • Instagram 사진 및 동영상 팔로워 400명, 팔로잉 5명, 게시물 6개 - @bokeh_coffee님의 Instagram 사진 및 동영상 보기 instagram.com 연희동 [보케] 연희동 [보케] 서울 서대문구 연희로 116 2층 좌측 화-일 11:00 ~ 22:00 * 월 정기휴무 * * 변동 사항은 인... m.blog.naver.com • 판나코타 6,500원 • 핑거라떼 (hot) 6,500원 티라미수 맛집으로 기억된 #보케 #bokeh 판나코타를 먹으러 오랜만에 재방문했다. 2달 사이에 카페 내부는 가구 배치가 달라져 있었다. 창밖을 구경하면서 시간을 보낼 수 있는 좋은 자리다. #판나코타 #우유푸딩 은 내가 상상했던 맛이어서 좋았다. 부드럽지만 탱글하면서 우유맛이 찐한 푸딩이었다. 달지 않고 깔끔한 맛! 그런데 한 번씩 뿌려져있는 후추?가 강하게 느껴질 때가 있어서 아쉬웠다. 새로 생긴 시그니처 #핑거라떼 (초코사보이아르디) 바닐라 라떼 위에 레이디핑거가 올라가있는 음료였다. 쿠키는 처음 먹을 땐 생각보다 딱딱해서 놀랐는데, 라떼에 살짝 적셔서 먹으니 안 짠 에이스를 커피 찍어 먹는 느낌이 나서 신기했다. 기대한 것보다 맛있게 마셨다! 진짜 함박눈이 펑펑 내리는 날 가고 싶은 곳이다."
연희동 • 보케 Bokeh,bokeh 서울특별시 서대문구 연희로 116 2층 좌측 연희동 카페 보케 산스다음으로 맘에든곳 ㅎ ㅎ 2층에 있는데 입구는 되게 안들어가고싶게 생김 주의 ㅋㅋㅋㅋ 메뉴판 와.. 진짜 14프로 초점 어쩔건데ㅠㅠ 무튼 나는 판나코타랑 라즈베리에이드를 시켰다 몬가 빈티지한데 모던했음 요즘 레드에 빠졌나 좀 어두워진 후에도 와보고싶은곳 무우드 있을거같다 귀야운 엄청 거대한 브로콜리같음ㅋㅋ 이날 우리가 갔을때도 손님 한분이 책을 읽고계셨는데 되게 평화롭고 차분한? 분위기다 평일엔 혼자와서 작업하거나 책읽기에도 좋을듯 예뿌네~ 줄기만보면 파김치 먹고싶어짐 파김치에 라면 싸먹고싶다 갑자기?ㅋㅋㅋ 무튼 곳곳에 식물들이 많아서 좋았다 입구부터해서 약간 을지로 스러운 느낌도 있는듯?? 이식물은 아스파라거스 나누스 였던가? 요즘 엄청 많이보이는듯 + 친절하신 사장님 멋진의자 근데이제 엉덩이배김을 곁들인 투명테이블 밑에 들어있슴 귀여움 왠지모르게 00년대 스럽다 나의 기여운 판나코타~ 와 라즈베리 에이드 기요웡 노른자흰자 반반 계란찜같넹 💛 무튼 둘다 상콤하고 맛났음 둘다 그렇게 안달아서 좋았던거같다 쿠팡트럭 is everywhere.. 무튼 이날 사람도 별로 없어서 긴긴 수다타임을 가졌다 글구 화장실도 못찍었지만 이쁘구 핸드워시 & 핸드크림 거의 브랜드 종류별로 있었음 ㅋㅋㅋㅋ 굿🩷 연희동가신다면 추천추천
[연희동필라테스/차다필라테스/CHADAPILATES/일상/연희동카페]보케_bokeh,"안녕하세요, 차다 필라테스 입니다. 지난 주말 다녀온 연희동 카페 보케 'bokeh'를 기록해두려 해요 :) 지난 토요일 오전 수업을 끝내고, 회원님과 커피한잔 ~ 하러 갔답니다 ! 차다 필라테스와 길만 두번 건너면 위치한 보케는 연희삼거리 버스정류장 쪽에 있답니다 ! 매번 기록을 남기면서 느끼지만 차다 필라테스 근처에 이곳, 저곳 다양하게 있어서 참 좋은 것 같아요 ~ 'bokeh 보케'는 일단 창가 나무 뷰가 최고랍니다,, 느낌있는 이곳,, 일단 멍,, 때리고 봅니다 ! 저희가 주문한 메뉴는 시그니처 메뉴인 스몰라떼와 아메리카노 + 오리지널 판나콘타 😋 보케에만 있는 스몰라떼 왕 추천 이에요 👍🏻 카페 뿐만이 아니라 저녁에는 와인도 판매하고 있다고 하네요 ! 다음에 수업 비는 시간이나 쉬는날 와서 여유롭게 수업도 짜고 필라테스 공부, 개인작업도 할 겸 커피마시러 또 와야지 다짐했답니다. 곳곳에 숨겨둔 보케의 흔적.. 사장님의 센스와 세심함이 느껴지더라구요 :) 연희동 차다필라테스에서 운동하고 보케에서 커피한잔 ~ 하면서 여유로운 시간 보내기 어떠신가요 ! ☕️📚 시간되시면 책한권 들고와서 창가뷰에 앉아 즐기는 하루도 나쁘지 않을 것 같네요. (사실 제가 해보고 싶은 것 중 하나... 조만간 독서 하러 갈게요 👻) 벌써 2022의 연말이 다가오고 있어요 ~ 앞으로도 더 많은 곳들을 차다필라테스가 함께 전해드릴게요. 제가 좋아서 하는거긴 하지만.. 많은 분들에게 연희동 알리기 😆 다양함이 머무는 연희동에 차다 필라테스가 함께하고 있답니다. 🌊 건강과 행복이 차고 넘치다 '차다 필라테스' 문의 : 010-2793-7015 네이버예약 : 차다 필라테스 인스타그램 : chada_pilates"
연희동 카페 보케(bokeh),"휴일이라 오랜만에 카페를 찾아왔는데 오랜만에 아주 마음에 드는 카페. 연희동 카페 보케(bokeh) 50m © NAVER Corp. bokeh 서울특별시 서대문구 연희로 116 2층 좌측 가게의 룩앤필 자체가 굉장히 좋고 정돈 되어있다.. 사장님의 센스가 느껴진달까.. 가게에 아스파라거스 나누스를 주력으로 식물을 디피해두셨는데 무드가 좋다. 그 외에는 키가 매우 큰 식물들로 디피 되어있는데 대나무를 좋아하는 나는 예쁘고 키큰 나무가 있어서 좋았다... 길쭉하게 시선을 분산하는 느낌이 답답하지 않고 좋음 바닥에 작은 식물들을 모아두고 귀여운 거울을 두셔서 포토존을 만들어두셨는데 센스있고 좋음 전반적으로 시크하고 모던한 무드 속에 키작은 식물과 하트거울의 큐트함 투명한 음료 사진을 보고 왔다고 했더니 바닐라 소다라고 알려주심.. 바닐라 소다와 판나코타를 1차로 먹었다.. 바닐라 소다 적당히 달고 적당히 상큼하고 좋음.. 직접 만든 시럽이라고 하시는데 판나코타 위에 올라가는 콩포트도 직접 만드신 것이고 때에 따라 바뀐다고 한다 테이블웨어의 룩앤필도 좋음.. 컵받침이 가죽으로 된 작은 것인데 맘에 들었다 어떤 컵에도 잘어울림 코스터가 없으면 은근 허해보이기 때문에.. 커피를 안마셨으니 커피도 한잔 마셨다 무난하게 맛있었고 카페인 충전한 빨로 열심히 일함 평일인데도 사람들이 꾸준히 있군요 평일엔 노트북 또는 책읽기에도 좋은 카페인 것 같습니다 여기의 또 하나의 장점이 화장실인데 내부 화장실이 깨끗하고 쾌적함... 그리고 르라보 핸드워시가 있다... 말이 되? 개인카페에 르라보 핸드워시가 있다고... 카페가서 손 박박 잘 씻는 사람들은 추천합니다 옆에 논픽션 핸드로션도 있었음.. 향기롭네요 그리고 사장님이 인상이 좋고 친절하심 힙카페의 얼굴 근육에 미동없는 카페 사장 앤나 알바들에게 무서움을 느끼는 사람이라면 여기의 친절함을 느껴보는 것도... https://www.instagram.com/bokeh_coffee/ bokeh_coffee • Instagram 사진 및 동영상 팔로워 509명, 팔로잉 1명, 게시물 25개 - @bokeh_coffee님의 Instagram 사진 및 동영상 보기 www.instagram.com"
연희동 조용한 카페 보케 bokeh,📍보케 / bokeh 이번에 소개해 드릴 카페는 연희동에 위치한 카페 ‘bokeh(보케)’ 입니다 대로변 2층에 위치한 카페 보케 카페 내부로 들어가면 생각보다 넓은 외부에 깜짝 놀랐다 들어가면 바로 보이던 중앙 공간 아기자기한 화분들이 눈길을 끈다 분양도 가능한 화분들 인상적이었던 예스러운 느낌의 붉은색 바닥 타일 카운터도 식물들로 가득 차 있던 모습 카운터에 위스키가 올려져 있고 실제로 하이볼도 판매하고 있다 카페 bokeh(보케) 메뉴판 ‘bokeh’ 단어 뜻이 궁금해 찾아봤더니 초점이 맞지 않아 뿌옇게 보이는 사진 효과라는 뜻을 가지고 있다고 한다 판나코타와 플랫화이트 시즌에 따라 판나코타 위에 올라가는 재료가 바뀌는 것 같다 내가 갔을 때는 패션후르츠가 올라갔는데 새콤하고 달달한 게 정말 맛있었던 기억 특히 카페 보케는 통창으로 보이던 플라타너스 나뭇잎이 이뻐서 멍하니 바라보며 시간을 보냈던 것 같다 영 업 시 간 화 ~ 금 / 11:00~21:30 토 ~ 일 / 12:00~21:30 < 월요일 휴무 > 50m © NAVER Corp. bokeh 서울특별시 서대문구 연희로 116 2층 좌측
[공지] [서울-연희동] 분위기 있는 공간 속 판나코타 맛집 카페 ‘BOKEH’ (보케) 🍓🥛,"연희동은 내가 가장 좋아하는 동네 … 🤍 예전에 한번 방문한 적이 있던 연희동 카페! 나는 좋았던 카페는 2번 이상은 가는 듯 하다 :) 새로운 카페도 좋은데 맛있던 것들과 좋은 분위기를 소개 시켜주고 친구가 좋아하면 너무나도 만족스럽기 때문 💭 친구가 디저트와 음료 모두 만족한 그 카페는 ‘BOKEH’ bokeh : 네이버 방문자리뷰 92 · 블로그리뷰 37 naver.me bokeh 서울특별시 서대문구 연희로 116 2층 좌측 사진 보면 오고싶어질까봐요 :) 딸기 한상 느낌 🍓🤍 연희동 국민은행 ..(?) 건너편 길가에 위치한 보케 지도를 보고 찾기에는 아주 쉽다 눈에 확 띄는건 아니지만(?) 2층으로 올라가서 왼쪽 . . . 분위기 넘 조ㅇㅏ 예전이랑 구조가 살-짝 바뀐 듯한 가운데 쉐어테이블 그리고 접시가 안에 들어가 있는 테이블 통창 유리 뷰 분위기 정말 좋죠 .. 🫶🏻 연희동은 이런 여유로운 분위기 때문에 자주 찾게 되는 것 같아요 사람이 없어서 더 좋았던 (사장님한텐 죄송해요😆) 메뉴판 14-16 사이에 디저트를 시키면 1,000원을 할인해주기도 하더라구요 ? 할인 못참지. 사실 원래 디저트 2개는 시키려고 간 곳 ㅋ 친구한테 우유푸딩 맛있다고 가는길에 계속 말했다 결과는 성 공 🤍 하 … 또 먹고싶어 … 케이크 한 입 감성 못챙긴 .. ㅎㅎ 일단 우리 뭐 시켰냐면요? 레어치즈케이크 (6.8) 판나코타 (6.5) 바질 토마토 에이드 (6.5) 바닐라 소다 (6.5) 1,000원 할인 받음 일단 음료들 먼저 소개할게요 ‘바질 토마토 에이드’ 🍅 토마토랑 바질 둘다 잘 먹어서 카페가서 커피 안시킬때 꼭 먹는 음료인데 말해모해 너무 맛있었어 그리고 신메뉴로 추청되는 아이 ‘바닐라 소다’ 탄산수에 수제 바닐라빈 시럽이 들어가는 신기하다 생각했는데 호불호는 있을듯한 ! 밀키스 같기도 하면서 바닐라 향과 맛이 은은하게 올라오는 달달한 탄산에이드 ..(?) 나랑 내 친구는 정말 괜찮게 먹었다 🤍 ‘레어치즈케이크’ 🍰 인스타 보고 이것도 시키자 !! 했던 메뉴 뭔가 얼스어스 같은 곳에 파는 요거트 치즈 케이크 처럼 시트가 얇은 로투스 같은 고소한 그런 .. 요거트가 아닌 치즈로 가득한 맛 🤍 진짜 츄천 … 위에가 일반 치즈케이크 처럼 부드럽게 뭉게지는 느낌보다는 푸딩같이 좀 몰랑하면서 부드러운! 내 사랑 다시 먹어도 너무 맛있던 ‘판나코타’ 🥛 제가 우유 푸딩을 정말 좋아해서 이곳 저곳에서 많이 먹었는데 저의 원탑 입니다 .. 네 .. 🤍 위에 시럽이랑 밑에 푸딩을 듬 뿍 !! 떠서 한입에 먹으면 뭐 … 네 … 크리스마스때쯤 …? 여긴 밤에 분위기도 난리난리 나는데요 이 여유 … 밤에는 와인도 판매중이라 와인도 이용 가능한 🍷 잘 먹고 갑니다 :) 안녕히 계세요 또 올게요 🍃 민지원 블로그의 특징 = 맘에 들면 티 엄청 남 여기 맘에 드는거 티 많이 나죠 ?! 근데 정말 연희동 카페 다 좋은데 여기는 좀 더 좋아 … ☁️ 여름에 푸릇푸릇한 뷰 보러 한번 더 와야겠다 사장님도 넘 친절하시고 음료나 디저트 다 맛있어서 !! 스몰라떼가 없어지고 신메뉴 준비중이라고 하셨는데 궁금해 미쳐 ~ 얼마나 맛있는게 나올지 궁금하다 :) bokeh_coffee • Instagram 사진 및 동영상 팔로워 488명, 팔로잉 1명, 게시물 21개 - @bokeh_coffee님의 Instagram 사진 및 동영상 보기 instagram.com"
"[서울 연희동, 카페] Bokeh(보케) (+ 내돈내산♥, 메뉴&가격, 연희동까페, 연희동커피)","매번 집 근처를 돌아다니면서도 크게 눈에 띄지 않아서 잘 모르다가 어느 날 서댐03타고 가는 길에 2층에 눈을 돌려 보다가 발견한 연희동 까페 Bokeh (단어 뜻 : 초점이 맞지 않아 뿌옇게 보이는 사진 효과) 가봐야지 가봐야지 하다가 방문한 김에 포스팅 gogo! 50m © NAVER Corp. bokeh 서울특별시 서대문구 연희로 116 2층 좌측 * 위치 : 서울 서대문구 연희로 116 2층 좌측 (고양이 호텔 바로 옆!) * 영업시간 : 매주 월요일 정기휴무 화~금 : 오전 11시 - 오후 9시 토~일 : 낮 12시 - 오후 9시 라스트 오더 : 오후 8시 30분 * 전화번호 : 010)7577-7554 * 단체석, 포장, 예약, 반려동물 동반 가능! * 주차 : 따로 주차장 없음, 맞은편 우리은행 유료 주차장에 주차 후에 도보로 걸어오면 됨 ! 50m © NAVER Corp. 우리은행 연희동지점 서울특별시 서대문구 연희로 125 우리은행연희동지점 출처 : 네이버 정보 메뉴 롱블랙 5,000원 라떼 5,500원 바닐라빈라떼 6,000원 플랫 화이트 5,000원 아포가토 6,500원 썸머 라떼 7,000원 라즈베리 에이드 6,800원 유자민트티 6,500원 바질토마토에이드 7,000원 스모키 밀크티 6,800원 우유푸딩 6,500원 레어치즈케이크 7,000원 바닐라 아이스크림 6,000 인테리어 저녁이라 색감이 기본적으로 조금 어둡게 찍히고 나와서 이 사진에서 잘 구현되진 못했지만 확실히 사장님의 감각이 잘 느껴지는 공간이었다! 실버 스테인리스+화이트+레드의 조화 중앙에 길에 배치된 식물 전시 공간도 너무 이뻤움 !! 사진 찍어도 잘 나옴 ㅎㅎㅎㅎㅎ 붉은 타일 + 센스있는 의자와 테이블 + 식물들의 배치 + 조명까지 엄청 센스있었고, 테이블 간의 간격도 시원스럽게 떨어져있었다 타 테이블과의 독립성이 보장 (대화 맘껏 보장)되는 것 같아서 더욱 더 마음에 들었던 점이다 파릇파릇한 식물들 ㅎㅎㅎ 흙도 오브제가 되네요? 특히, 화장실의 청결함과 깔끔함까지 놀라울 지경! 논픽션의 포레스트 핸드워시 향이 너무 좋아서 꼬옥 따라 구매해야지 결심했음(손민수 ㅎㅎㅎ) 밤이라 그런지 더욱 분위기가 감성적이고 운치있고 그랬다 >,< 연세 박내과 ㅎㅎㅎㅎ 이디야커피 ㅎㅎㅎ 푸른약국, 클로버 약국 ㅎㅎㅎ 닥터곡한의원 ㅎㅎㅎ 늘 봐왔던 풍경들도 이질적으로 느껴지구 까페마다 분위기와 색이 있다면 이곳은 조금은 차분한 공간같다 와인바 같은 느낌도 나고 낮에 오면 또 어떤 느낌일런지... 주문 메뉴 네티는 아메리카노(롱블랙) 남친은 바닐라빈라떼를 주문했다 케이크를 함께 주문하려고 했는데 품절이라 아쉽게도(다행히 칼로리 절약?) 맛보진 못했다 이곳의 시그니처가 사장님께서 손수 만드시는 레어치즈케이크라고 하는데 담에 또 맛 볼 기회가 있겠지 ^^ 커피는 기본적으로 산미가 적은 편이라 마음에 든다! 개인적으로 엄청나게 놀라울 정도의 커피맛은 아니고 적당히 맛있는 느낌이지만 까페 공간이 주는 기본적인 느낌이 마음에 들어서 재방문하게 될 것 같음 흐흐 주류(하이볼)도 판매한다고 하니 아주 가볍게 혼술하기도 괜찮을 거 같음 ㅎㅎㅎ 연희동 자꾸자꾸 새로운 컨셉과 느낌의 까페가 생겨서 좋다 >,< 공간별로 내 느낌에 따라 방문해야지! 희희 ※ 이상 <내돈내산> 포스팅입니다!"
연희동 카페 보케 [bokeh]🧀,"내가 좋아하는 화이트톤 플랜테리어 카페 끝판왕 연희동 #보케 에 방문했다 ෆ 다양한 식물들이 한가득 너무 갬성있고 예쁘다 아바라 6,000 & 초당옥수수 레치케 8,500 시원하고 맛있다ㅜㅜ 안 좋아할 사람이 없을 것 같은 카페 자리도 많고 조용하게 여유를 즐기기 좋다 50m © NAVER Corp. bokeh 서울특별시 서대문구 연희로 116 2층 좌측"
[연희동]보케,"친구랑 목란 먹고 2차 뛰러 산 카페. 진심 식도까지 먹을게 차 있는데 직진한 곳이다.(미련..) 50m © NAVER Corp. bokeh 서울특별시 서대문구 연희로 116 2층 좌측 이른 시간에 가서 사람이 별로 없었다. 플랜트 카페도 아닌데 다육이들이 많다. 좀 신기한 미뉴들이 있었는데 계절마다 토핑이 바뀌는 게 좀 신기했음 콩 안 좋아해서.. 콩 토핑은 다 건져내고 -편식 - 먹은 치즈케이크와 우유푸딩. 꽤 맛있었다. 토핑 바뀌는 게 신기했는데, 담에 간다면.. 콩(마메)은 없었으면 좋겠다. 설탕을 뿌려도 콩은 싫어요."
"서울 연희동 카페 추천, 보케 Bokeh 방문 후기","50m © NAVER Corp. bokeh 서울특별시 서대문구 연희로 116 2층 좌측 영업시간 : 11:00 ~ 21:30 (매주 월요일 휴무) 연희동 삼거리 2층에 위치한 카페, 보케(Bokeh)를 다녀왔어요. 2층에 위치해있고 간판이 잘 보이지 않아서 무심코 지나가기 쉬운 위치에 있어요. 저희는 검색해서 찾아보고 방문했습니다. 연희동에는 감성적인 카페가 특히나 많은데 그만큼 너무 유명해졌어요. 주말에는 항상 사람이 많아서 방문했다가 포기하고 다른 카페로 발길을 항상 돌리곤 했습니다. 보케는 다행히도 아직 많이 알려지지 않아서 자리가 있었지만 곧 입소문이 퍼져서 연희동 핫한 카페가 될 것 같은 생각이 들었어요. 출입문도 연희동과 잘 어울리는 인테리어였어요. 개인적으로 이런 디자인 좋아합니다. 실내 공간이 넓지는 않았지만 테이블 간격이 적당히 떨어져 있어서 편하게 앉을 수 있었어요. 곳곳에 식물이 많아서 분위기는 좋았는데 식물 특유의 향긋한 향기가 나지 않아서 개인적으로 아쉬웠어요. 예전에 양평에 위치한 온실이 있는 카페에 방문했을 때 식물의 향긋한 향기를 맡으며 커피 마셨던 기억이 너무 좋았거든요. 창가 쪽 자리는 연희동 삼거리 풍경을 시원하게 바라볼 수 있어요. 특별하게 ""와 너무 예쁘다""이런 풍경은 아니지만 연희동 특유의 감성을 느낄 수 있어서 좋았습니다. 테이블, 의자 종류가 다양해서 취향에 맞게 않을 수 있는 점도 좋았습니다. 간혹 오래 앉아 있기 카페가 있는데 이런 카페에서는 여유 있게 앉아서 커피를 마시지 못하겠더라고요. 커피 맛도 굉장히 만족스러웠습니다. 연희동 카페를 여기저기 많이 다니면서 나름 커피 맛집이라고 저장해 둔 곳이 있는데 보케 카페도 맛집으로 추가해야겠어요. 연희동 풍경을 바라보며 여유 있게 커피 한 잔 드시고 싶은 분들에게 방문해 보시길 추천합니다."
"[연희동카페/와인바] ""bokeh(보케)"" 판나코타맛집🍮 재방문후기!","주말에 커피 한잔 마시고싶은 마음에 연희동 어디갈까 하다가 지난번에 '보케'에서 플라타너스뷰를 보며 마음의 평화..(??)..🧘‍♀️ 가졌던 기억이 있어서 동생을 데리고 다녀왔다! ""bokeh(보케)"" [연희동카페/와인바] ""bokeh (보케)"" 낮과 밤 다른 매력을 가진 곳! 연희동 집에서 30초 거리에 새로운 카페 겸 와인바가 생겼다! 와인을 자주 마시지 않아 잘 모르지만.. 새로... m.blog.naver.com 영업시간과 저녁의 '보케'는 위의 포스팅 참고 !! 사실 모르고 지나가면 그냥 지나치기 쉽고 여기맞아? 여기?싶은 곳에 위치하고 있다 하지만 2층으로 올라와 문을 열면 이렇게 갬성있는~~~ 카페가 숨겨져 있다!! 테이블 위에는 초록초록 식물들로 바뀌었다! 내가 가장 좋아하는 자리🍁🌳 오? 얼굴안보이니까 좀 괜찮네?🦧 롱블랙 5.0 스몰라떼 판나코타 5.5 '스몰라떼'는 보케의 시그니처메뉴라고 하셨다 연유랑 에스프레소를 10번 저어 먹으면 된다고 함! 아니 뭐 어떻게 찍어도 여기는 다예뻐? 막? 열심히 젓고있는 동생녀석 지난번에 먹고 반한 판나코타..🤍 디저트도 직접 만드신다고 한다!! 탱글탱글하고 입에 넣으면 녹아사라짐 !!! 아니 저기요.. 진짜 자기애 강한 동생녀석..🤦‍♀️ 가만히 앉아서 나무만 보고있어도 힐링되는 곳 조용히와서 혼자 작업하기도 좋고 반려견도 함께 올 수 있으니 산책하다가 들려서 커피한잔 마실수있을듯!! 곳곳에 숨어있는 보케 글씨!! 인테리어 센스가 돋보이는 카페 디저트 좋아하는 나에게 판나코타는 그저 사랑..🤍 또 먹으러와야지~~~~~"
연희동 숨겨진 카페 추천 [보케 bokeh],"보케 Bokeh 영업시간 12:00~22:00(라스트오더 21:30) 연희동 카페를 찾다가 방문한 보케☃️ 낮에 오면 창가를 통해 보이는 플라타너스 나무뷰가 힐링포인트라고 한다🌳🌿 지금은 겨울이라 잎이 없지만,,, 50m © NAVER Corp. bokeh 서울특별시 서대문구 연희로 116 2층 좌측 참고로 간판이 없다. 파리바게트 지나서 바로 옆 건물의 2층! 귀여운 세모의자🐤 보기엔 예쁜데 온도니가 튀어나올 수 있음^_^;;; 다양한 종류의 와인도 판매한다🥂 [보케 메뉴] 커피가 정말 맛있다고 하는데 이날은 티를 먹고싶어서 오늘의 로네펠트 티를 주문했다 귀여운 눈사람 이런 아기자기한 소품을 보면 마음이 따땃해진다☃️🔥 사장님께서 자리까지 티를 가져다 주신다🥹 정말 추운날이었는데 대로변에 있는 보케를 발견하고 추운밖을 피해 따뜻하게 몸을 녹였다 올해 겨울은 왜 이렇게 추운건지,,🥲 우연히 발견한 카페 보케 넓은 창밖을 바라보며 조용히 앉아있기 좋을 카페다💚"
연희동 카페 : 보케 bokeh,"집 근처에 새로 카페가 생겨서 가봤다 ⏰화~금 11:00 - 21:30 / 토, 일 12:00 - 21:30 🚘도로변이라 주차 불가하다. 근데 뒤편에 주차장이 있어서 오래 이용하는 게 아니라면 괜찮을지도? bokeh 서울특별시 서대문구 연희로 116 2층 좌측 2층으로 올라가면 고양이호텔도 있는데 반대편 문으로 들어가면 된다 주소처럼 계단 위 좌측! 비가 꽤나 많이왔다 가게도 넓은 편이고 분위기가 되게 좋았다 들어가니 혼자서 공부하는 분들이 계셔서 공부하는 분위긴가? 싶었지만 그런 분위기의 카페는 아니었다 가구의 채도가 맞아서 눈에 거슬리는 부분도 없고 가게의 분위기며 가구가 마음에 들었다 평소에 즐겨보던 스타일은 아니었는데 이런 인테리어도 괜찮은듯.! 비오는 날에 더 예뻐보이는 카페다 여러가지 종류의 디저트가 많았다 그 중에서 옥수수가 들어간 디저트를 먹었는데 푸딩같은 식감에 옥수수가 씹히는 게 좋았다 아래에 흙처럼 깔린 쿠키도 맛있었다 바닐라빈 라떼는 바닐라맛이 많이 나지 않지만 커피자체는 괜찮았다 맛있는편! 가깝기도 하지만 분위기도 좋고 디저트 먹으러 또 갈 것 같다"
"연희동 카페 겸 와인바, 보케 bokeh","연희동 산책 다녀왔던 날 그동안 가고싶었던 보케에 다녀왔다 2층에 있는 공간이라 두 눈 치켜뜨고 찾아봐야한다 지나치기 딱 좋으니! 와인바 겸 카페답게 다양한 메뉴들 난 커피 마시러 왔지이 따뜻한 롱블랙에 티라미수. 티라미수가 빵 느낌인 곳과 푸딩 같은 스타일로 나뉜다면 여기는 푸딩스타일에 가깝고 시트가 찌인한 커피에 아주 푹 적셔져있다 진한 커피를 싫어한다면 어려울 수 있는 티라미슈 - 주말엔 쉐어테이블 이용시간이 두시간으로 제한되지만 이 공간을 즐기기엔 충분하구요 채광이 좋은 곳이라 유명한 초록뷰가 사라진 이계절에도 부족함이 없이 좋다 곳곳에 크리스마스 분우기가 느껴지는 보케. 와인마시러 와보고 싶다 초록잎이 살아나면, 와인을 마시러, 아니면 또 연희동 산책을 하고 싶을 때 오고싶은 곳 연희 보케 bokeh bokeh 서울특별시 서대문구 연희로 116 2층 좌측"
연희동 카페 보케 bokeh,오~~늘의 콘텐츠는 ~~~ 오랜만에 돌아온 ~~~ 카페 후기 ..~~ 맨날 동네 카페 아니면 회사 프랜차이즈 커피들에 질린 나는 무적친구들과 연희동에 갔다 애들이 집너무 멀다고 다신 오지 말자했다 50m © NAVER Corp. bokeh 서울특별시 서대문구 연희로 116 2층 와보고 싶었던 bokeh 순순히 따라온 친구들 난 왜 이런 느낌이 좋은지 모르겠다 작은 나무에 까치밥아니고 채은밥있음 우리집 바닥이면 싫을 것 같은데 카페 바닥 이런거 좋아 .. 예쁜 잔 집들이 선물로 하고 싶음 근데 내 친구들 대부분 캥거루족 아메리카노와 판나코타 꾸덕한 바닐라 향의 판나코타 아메리카노는 산미가 강하지 않아 좋았다 문 앞에 자리 잡았다 뷰 맛집이라던데 저녁이라 창문 밖을 잘 못봤네 이렇게라도.. 뷰는 이렇답니다 벌써 보케는 크리스마스 느낌이 난다🎄 애들아 또 오자♥
[서울/연희동] 보케 Bokeh,
연희동 편집샵 포셋(POSET) & 카페 보케(BOKEH),"친구가 연희동 살아서 좋은점= 눈뜨자마자 맛집, 카페, 편집샵 이동없이도 한번에 해결 가능! 포셋 부산에도 있어서 가보고 싶었는데 연희동에도 있길래 바로 다녀왔다! 아 정말 너무너무 마음에 드는 곳❤️ 애들이랑 다 귀여워 이뻐를 연발하면서 열심히 구경했다 어쩜 이렇게 다 귀염뽀짝하지 사실 사고 싶은게 많았는데 꾹꾹 참았다 사서 거울이나 벽에 붙여놓으면 너무 예쁠듯 여러 작가님들이 작품이 있어서 구경하는 재미가 쏠쏠해 귀여운거 천지라구 제주도에 관련된 엽서도 많았는데 그중에 가장 예뻤던 금오름🩵🩵 넘 예뻐버려,, 사실 저렇게 노을이 질때 가보진 못했는데 아름답다 그리고 인상깊었던 글귀도 찍어뒀다 연희동 가신다면 포셋 꼭꼭 방문해보세요 다음에 가면 저 여러개 업어올거에요,,,💜 열심히 관찰중인 나를 찍은 친구 다음은 포셋에서 5분거리에 위치한 보케(bokeh) 약간 알려진 카페라기보단 동네카페 같은 느낌인데 디저트가 완전 예술이야,, 진짜 예쁘고 맛있고 어떤분은 홀케이크 맞춘거 가져가는데 엄청 독특하고 예뻤다 아참참 2층에 있습니당!!! 카페 너무 예뻐버려 ㅠㅠㅠㅠ 진짜 동네카페 하고싶다 조용조용하게 얘기하기에 너무 좋다 주말이라서 사람이 너무 많을줄 알았는데 생각보다 딱 적당하게 있어서 더 좋았다 특히 가장 예뻤던 곳은 사장님이 주문받는 공간! 요게 메뉴판인데 확대해서 보세욤! 아아랑 아포카토, 토마토 바질에이드, 디저트는 초당옥수수!🌽🌽🌽🌽🤍🤍 여름 메뉴 아니냐구 식물이 진짜 많았던 카페라서 더 좋았다 중앙에 커다란 스테인리스 테이블이 있는데 화분이 많았는데 알고보니까 식물 분양도 가능했다 청주였으면 식물 분양 받고 싶었다 귀여운 화분이 너무너무 많았다 디저트랑 음료 다 나왔고 토마토바질에이드 오랜만에 먹으니까 맛있었다! 역시 여름메뉴얌🍅🍅🍅 그리고 너무 맛있었던 초당옥수수 케이크 위에 올라간건 진짜 옥수수고 크림치즈?에 안에 옥수수가 콕콕 안에 들어있어서 크림을 먹다보면 옥수수가 씹혀서 너무 맛있었다 아래에 깔린건 뭐지?.. 초코?.. 무튼 너무 잘어울려서 맛있다🥮🥮🥮❤️ 예쁜 카페 이곳저곳 모음집 꽃이랑 화분이랑 다 예쁘고 귀여워 친구가 포케에서 산 귀여운 엽서들 진짜 ㄱ귀여워,,,❤️ 화장실이 카페안에 있는데 핸드워시가 향이 넘 좋쥬 연희동 카페 보케 완전 추천입니당 또 가고싶은 곳 디저트 맛도리집💖💖💖 나를 그윽하게 쳐다보는 그녀와 그걸 찍고 있는 친구시점 도대체 엉덩이는 왜 저러고 있는지 아실수 있을까여..🙃 #연희동카페보케 #연희동bokeh #옥수수초당케이크 #연희동카페추천 #연희동디저트맛집 #연희동카페 #연희동편집샵 #연희동가볼만한곳 #연희동디저트 #연희동포셋 #포셋연희 #연희포셋 #연희엽서 #연희동"
"소니 A7m2 + 탐론 2875 :: 연희동, 신촌, 성수동 출사 (feat.보케 첫경험)","소니 A7m2 + 탐론 2875 연희동, 신촌, 성수동 출사 요즘 날씨가 좋다. 어떤 카메라로 바꿀까 진짜 엄청 고민하다. 그래 카메라의 종착지는 풀프레임이라는 이야기를 보고 A7m2와 탐론2875로 왔다. 결과적으로 이야기하자면, 처음에 낯설었지만, 사용하면 사용할 수록 바꾸길 잘했다는 생각이 든다. 파리 쉑끼 찍기 위해서 카메를 꺼내 들었다. 그래서 이렇게 걸으면서 사진을 찍고 있었다. 헐.. 청하님 진짜 이쁘다.... 난 몰랐어.. 이렇게 이쁜 줄.. 대표사진이다. 다른 것 없이 이 사진보고 다들 오실듯.. 청하님 이 포스팅보면 좋아요 한번 눌러주세요.. 상자가 이렇게 이쁘게 쌓여 있으면 기분이 좋다. 풀프레임의 장점이 뭘까 생각해보면. 2.8 조리게를 가진 렌즈를 사용해도 1.4보다 밝은 것 같아요. 소니 a6000을 쓰다 넘어와서 그런지 ISO를 높혀도 노이즈가 거의 없고. 밝게 쫙쫙 찍어도 사진이 깔끔하니까. 그래서 좋아요. 그리고 아 왜 사람들이 보케보케하는지.. 풀프레임 쓰면서 알게 되었어요. 그거슨 아래에 있으니..! 신촌으로 넘어왔습니다. 생각하는 동상이 있었다. 머리속으로 버스가 빨려 들어가는 파란색을 좋아하는 사람 눈에 들어온 건 ~ 파란파란 창문과 모텔 주차장 들어갈 때 있는.. 선명한 거 보소.. 공사의 기초가 되는 것들. a7m2로 넘어오면서 조작성 덕분인지, 노출을 바꿔가며 사진 찍는 재미를 알게 되었다. 6000시리즈와 a7시리즈로 넘어왔을 떄 장점이라고 한다면, 조작성!!! 오른쪽 손가락으로 조리게와 노출을 함께 조작할 수 있는 인터페이덕에 노출을 바꿔가며 찍는 사진 재미에 빠졌다. 역시 직접 써봐야한다. 이건, 억지로 기울였다. 포레의 사탑. 이 개그를 이해한다면, 누구나 나와 친구가 될 수 있습니다. 성수동으로 넘어왔습니다. 성수동하면 갈비골목이죠. 날씨가 요즘 넘나 좋음으로 거리에 노상을 펼쳐놓고 먹는 이 갬성.. 찐하다.. 눅찐혀.. 풀프레임의 장점이라고 한다면 얕은 심도에서 뒷 배경이 정말 이쁘게 흐려진다는 거에요. 크롭바디에서 뒷 배경이 흐려지면서 전체적으로 흐릿흐릿한데, 뭔가 풀프레임은 선명하게 흐려요. 이 차이를 설명하기 어려운데.. 모쪼록 그래요 ~ 그리고 뭔가 원근법에 따라 흐려지는 정도가 정말 이쁘다고 할까요? 이런 선명도.. 이빨치료의 힘인가, A7m2의 힘인가.. 전과 비교하면 무겁긴한데. . 사진 결과물 보면 들고 다니고 싶은.. 아 그리고.. 보케.. 카메라에 관련된 포스팅이나 영상을 보면 보케보케 하는데. . . 직접 찍어보니 알 게 됬어요.. 진짜 이쁘구나..........이래서 사람들이 보케가 이쁜 렌즈를 찾는구나.. a6000을 쓸 땐 보케가 있었는지 없었는지, 제가 못낸건지.. 아마 못낸 것이겠쬬. 이렇게 찍히고 나서 보니까.. 아 보케 때문에 렌즈 바꾸고 난리 칠만하구나... 역시 경험해봐야되 사람은. 직접. 그냥 감도 올려도 선명한 게 아오.. 기분 좋다.. 장비빨 중요합니다. 장비를 활용할 부지런함이 있다면요. 심도 놀이도.. 재밌다.. 탐론2875.. 2.8조리게에서도 넘나 이쁜 배경흐림을 선사한다."
연희동 카페 | 보케 ‘Bokeh’,"@ᴄᴏᴍᴍᴇɴᴛ's 연희동엔 멋드러진 공간들과 맛있는 커피를 내려주는 곳이 참 많은 동네이다. 또, 전에 살던 동네였어서 더욱 더 정감이 가는 동네이기도 하다. 오랫만에 평일에 들러보는 연희동에 잠시 머리를 굴려 어딜깔까 고민하다 레몬커드크림이 올라가있는 치즈케이크로 날 사로잡았던 보케 bokeh가 떠올라 방문해보기로 했다. 들어서저마자 이곳이야말로 독보적 분위기라는 말과 아주 잘어울리는 곳이라는 생각이 들었다. 코펜하겐은 가보진 않았지만 마치 코펜하겐에 방문한 것 같은 그런 느낌의 독보적인 카페. 사장님만의 취향과 무드가 뚝뚝 묻어 나오는 곳. 이런 분위기의 카페는 오랫만에 만나보는 것 같다 - ! 낮에는 카페 밤에는 와인과 술까지 먹을 수 있는 이곳은 보케입니다. 🍋 Shop info. 📍위치 서울특별시 서대문구 연희로 116 2층 좌측 📍영업시간 화-일 11:00-21:30 (Mon off) 📍기타 예스키즈존, 반려견 가능 돌파운드, 데스툴도 같이 방문해보기 50m © NAVER Corp. bokeh 서울특별시 서대문구 연희로 116 2층 좌측 bokeh_coffee • Instagram 사진 및 동영상 팔로워 753명, 게시물 30개 - 서대문구 연희로116 2층 좌측 월요일 휴무 / 화-금 11:00-21:00시 토-일 12:00-21:00시 애견동반 가능, 대관 문의 DM instagram.com 보케 Bokeh Coffee & Bar 연희 삼거리에 위치하고 있는 연희동 카페 보케 bokeh 잘 보이는 위치에 있어서 찾기 쉬웠다! 세심하게 뭉뚱그려져있는 보케 로고 로고마저 카페 아이덴데티같군,, 전혀 카페가 있을 것 같지 않은 문이지만 과감히 문을 열어보면 보케를 만나실 수 있을거에요 문을 열었더니 마주한 풍경들 담백하지만 꽤나 예술적인 공간임은 틀림없다고 생각했다 재미있는 의자가 준비되어 있고 또 내가 좋아하는 조명까지 있다! 과연 진짜 브랜드 조명일까 아니면 st 일까 진지하게 생각해봤다는,, 창가 쪽에는 주로 2인이 앉을 수 있는 자리로 마련이 되어있고 카페의 한가운데에는 셰어테이블이 마련되어있다 요즘 이런 셰어테이블 행태가 카페에 많이 등장하는데 혼자 카페에 자주 방문하는 사람으로서는 대환영이다 안의 공간은 작업실(?) 디저트 만드는 공간(?) 인 듯 했다 짜잔. 보케에 온 이유랄까 이 레몬커스터드크림 치즈케이크를 먹고싶어서,, 꽤나 장난감처럼 생겼지만 촉촉한 식감을 갖고있는 편이다 종로에서 연희동으로 넘어왔던지라 너무 지치고 힘들었어서 커피 먹을 겨를도 없이 평소같았으면 먹지도 않았을 과감한 도전인 바닐라 소다를 택했다 바닐라 소다의 맛은 음.. 바닐라 맛이 나는 것 같기도하고 아닌 것 같기도하고 이 애매한 포지션으로 인해 비추하고 싶다 오픈한지는 조금 된 것 같지만 아직 많이 유명해지지 않은 것 같아 동네주민들만 향유하는 공간 정도? 그치만 너무 좋았어서 유명해지지 않았으면 좋겠으면서도 잘됐으면 하는 바램도,, 이곳 연희동 카페 보케에 오기전에 사실 서촌 문구샵 파피어프로스트에 방문했었다 문구 쇼핑은 늘 즐겁지..☺️ 다이어리와 스티커를 꽤나 샀다 자세한 포스팅은 밑에서 확인해보시길! https://blog.naver.com/kknye/223108183556 서촌 문구샵 | 파피어프로스트, 기록의 쓸모를 찾고싶다면 ᴄᴏᴍᴍᴇɴᴛ's 어쩌다가 이 브랜드를 알게됐는지 정확하게 기억은 나지 않는다. 난 문구덕후까지는... blog.naver.com 보케 bokeh 재생 7 좋아요 0  보케 bokeh 세상사람들! 치즈케이크가 이렇게나 보드라웠다구요! 이거 먹으러 또 가고싶네 ㅠ 너무 예쁘고 독보적인 분위기 그자체였던 보케 ! 이번 여름에는 어떤 맛있는 디저트가 준비되있을까 궁금하게 하는 곳이다 👏"
연희동 카페 보케 bokeh 카페라떼와 디저트 치즈케이크 맛난곳,"직장이 연희동 근처라 요즘은 연희동 근처 투어를 이곳 저곳 하는데, 그러던 와중 발견한 연희동 카페 보케를 포스팅해봅니다. 50m © NAVER Corp. bokeh 서울특별시 서대문구 연희로 116 2층 좌측 바깥에서 보면 찾기 어려운데 , 언급한대로 연희동 투어를 하는 거라 곳곳을 보고 다녀서 발견할수 있었던거같아요. 위치는 김밥 천국 맞은편, 2층에 위치했습니다. 큰간판이 잇거나 한게 아니라 더 찾아오기 어려운것같아요. 문열고 들어가면 생각보다 넓직한 카페 내부에 놀랐어 요! 커다란 쉐어 테이블이 카페 중간에 있고, 벽면과 창가를 따라 나뉘어진 테이블들이 있어요. 카페 내부가 꽤 넓은 편인데, 곳곳이 식물과 사진 따뜻한 느낌의 램프등으로 가득 인테리어되어 있어서 , 사장님이 인테리어에 신경을 쓰신것 같았어요! 음료와 디저트류가 야무지게 준비 되어 있었고, 가격대는 여느 연희동 카페들과 비슷합니다! 애견동반가능이라고 쓰여 있었구요! 특별히 라떼와 디저트류가 강점인 ... 분위기도 좋았던 카페 보케 예용. 저희는 라떼 5500 , 초코렛 6000 (핫초코 ) 레어 치즈케이크 6800 를 주문했어요. 특히 맛있었던 요 레어 치즈케이크, 무려.. 사장님이 직접 만드시는거라고 하시더라고요. 상당히 E 인 것 같으신 사장님. 스몰토크 장인이시고,,ㅋㅋ 재료를 아낌 없이 넣으신다고 하셨는데, 한입 먹어보고 바로 무슨말인지 알게 되었습니다. 연희동 카페 보케 bokeh 카페라떼와 디저트 치즈케이크 맛난곳 재생 1 좋아요 0 00:00 00:07  연희동 카페 보케 bokeh 카페라떼와 디저트 치즈케이크 맛난곳 치즈 좋아하시는분은 강추! 케이크 위에 올라는 토핑은 철마다 조금씩 바뀐다고해요. 그래서 나는.. 좋아하는 사람들거 까지 다 포장.. 라떼와 케이크가 맛있었던 연희동 카페 보케 내돈 내산 후기입니다."
"서울 서촌 고가빈커피하우스, 국립현대미술관, 연희동 보케, 포셋(엽서도서관), 신사동 핫쵸 오꼬노미야끼","만나서 국립현대 미술관 가기 전에 안국역에서 만나서 커리 먹기 생각해보니까 혜원이 교정했는데 커리 선택한 나.. 다행히 변색 되는거 아니라서 맛나게 먹었다 고가빈커리하우스 서울특별시 종로구 경희궁2길 7 서울 서촌 고가빈커피하우스, 국립현대미술관, 연희동 보케, 포셋(엽서도서 재생 0 좋아요 0  접기/펴기 서울 서촌 고가빈커피하우스, 국립현대미술관, 연희동 보케, 포셋(엽서도서 히히 국립현대미술관 국립현대미술관 서울 서울특별시 종로구 삼청로 30 저기서 카트 열심히 하고 왔다 공짜로 갔지만 돈 내고 봤으면 너무너무 아쉬울뻔 설명이 없고 제목만 있어 우리의 필쑤코스 언제나 여기는 포토존이죠 내년에도 가자 혜원아 연희동 보케 bokeh 서울특별시 서대문구 연희로 116 2층 좌측 사실 다른 디저트 먹을려고 했는데 없었나? 그래서 이거 시킴 매실차 먹었는ㄷ 밍밍s.. 첨에 창가 자리 못앉아서 눈치 보면서 기다렸다 드디어 쟁취한 창가자리 혜원이가 카메라 색감좋다면서 찍어줌 연희동 엽서도서관 포셋 카페에서 만난 사람들 여기서 다 만남 보통 연희동에서 노는 코스 인건가욥? 포셋 연희 서울특별시 서대문구 증가로 18 3층 305호 포셋 예약 신사동으로 가는 길인데 무려 서울 에서 서울인데 한시간 거리.. 뜬금없는데 짱구 새로 나왔어요 테이블링 하면서 왔는데 이젠 웨이팅도 안됨 ㅋㅋㅋㅋㅋ 평일에도 이정도라구요? 핫쵸 서울특별시 강남구 도산대로15길 32-10 지하 1층 예약 분위기 짱이다.. 철판에 나오는데 바에 앉고싶었는데 마침 바에 앉았어 분위기가 아주 멋드러짐 드디어 앉았는데 저 미니 뒤집게 너무 귀여워 츄하이.. 기여워 뒤지버져 망고가 맛있습니다 칸조 야끼소바 맛있어 할라피뇨 오꼬노미 야끼 먹었는데 둘다 간장베이스였으면 느끼했을텐데 너무 탁월한 선택이었어! 아주 맛있으니 꼭 가보세요 캐치테이블 빡셈 율(@_yura2) • Instagram 사진 및 동영상 팔로워 1,054명, 팔로잉 404명, 게시물 38개 - 율(@_yura2)님의 Instagram 사진 및 동영상 보기 instagram.com"
[연희동] 보케(bokeh),#연희동카페 #연남동카페 #카페보케 #연희동보케
