keyword,category
집중,공부
작업,공부
조용,공부
콘센트,공부
공간,공부
열중,공부
편안,공부
콘센트,공부
코워킹,공부
스터디,공부
와이파이,공부
테이블,공부
간격,공부
의자,공부
편하다,공부
북,공부
책,공부
카공,공부
노트북,공부
베이커리,디저트
케익,디저트
케이크,디저트
타르트,디저트
메뉴,디저트
맛집,디저트
디저트,디저트
과자,디저트
쿠키,디저트
빵,디저트
JMT,디저트
맛있다,디저트
부드럽다,디저트
상큼,디저트
달달,디저트
크림,디저트
치즈,디저트
존맛탱,디저트
푸딩,디저트
마카롱,디저트
달콤하다,디저트
버터,디저트
스콘,디저트
젤라또,디저트
베이글,디저트
크림,디저트
빵,디저트
애견,동물
애견동반,동물
강아지,동물
고양이,동물
너구리,동물
라쿤,동물
반려동물,동물
동반,동물
반려,동물
애완,동물
펫,동물
동물,동물
원두,커피
블렌드,커피
커피,커피
로스팅,커피
스페셜티,커피
커피,커피
산미,커피
라떼,커피
아아,커피
아메리카노,커피
드립,커피
에스프레소,커피
필터,커피
오빠,데이트
분위기,데이트
무드,데이트
행복,데이트
데이트,데이트
남자친구,데이트
남친,데이트
사진,데이트
여자친구,데이트
좋아하다,데이트
아기자기,데이트
인테리어,데이트
루프탑,뷰
통창,뷰
채광,뷰
햇빛,뷰
한강,뷰
야경,뷰
풍경,뷰
테라스,뷰
신선,뷰
힐링,뷰
포토,뷰
바깥,뷰
구경,뷰
사주,이색
운명,이색
전시,이색
메이드,이색
북,이색
만화,이색
애니,이색
게임,이색
LP,이색
칵테일,이색
드물다,이색
원데이,이색
클래스,이색
다도,이색
비건,친환경
리사이클링,친환경
텀블러,친환경
일회용품,친환경
다회용,친환경
환경,친환경
제로웨이스트,친환경
리유저블,친환경
글루텐,친환경
인스타그램,인스타그래머블
트렌디,인스타그래머블
mz,인스타그래머블
힙,인스타그래머블
포토,인스타그래머블
팝업,인스타그래머블
유행,인스타그래머블
감성,인스타그래머블
예약,인스타그래머블
웨이,인스타그래머블
웨이팅,인스타그래머블
오픈런,인스타그래머블
핫,인스타그래머블
인기,인스타그래머블
미치다,인스타그래머블
새롭다,인스타그래머블
만석,인스타그래머블
웨이팅,인스타그래머블
레트로,인스타그래머블
사진,인스타그래머블
유튜브,인스타그래머블
틱톡,인스타그래머블
트위터,인스타그래머블
공사,인스타그래머블
시멘트,인스타그래머블
쇼룸,인스타그래머블
